"id","lat","lon","site.pft","ERA5_grid_cell"
328163,38.09936,-121.50154,"corn","38N_121.5W"
26336,36.17114,-120.19718,"woody_perennial","36N_120W"
565118,38.10958,-121.53613,"row","38N_121.5W"
159849,36.94729,-120.10535,"woody_perennial","37N_120W"
522375,32.81281,-115.44207,"alfalfa","33N_115.5W"
534243,36.1778,-120.20411,"woody_perennial","36N_120W"
205678,38.13153,-121.55174,"row","38N_121.5W"
169473,36.23738,-119.92755,"woody_perennial","36N_120W"
592578,38.13799,-121.51401,"row","38N_121.5W"
557284,36.82778,-120.13963,"row","37N_120W"
413887,38.12346,-121.54982,"soil","38N_121.5W"
590334,36.35733,-119.09283,"woody_perennial","36.5N_119W"
440393,39.57712,-121.86221,"woody_perennial","39.5N_122W"
16073,38.50244,-121.97646,"soil","38.5N_122W"
420343,37.69949,-121.1391,"woody_perennial","37.5N_121W"
415399,33.96684,-117.34049,"woody_perennial","34N_117.5W"
132390,39.59614,-122.0226,"woody_perennial","39.5N_122W"
514070,37.62903,-121.08781,"woody_perennial","37.5N_121W"
218534,38.1741,-121.50302,"row","38N_121.5W"
90,36.72266,-121.25348,"woody_perennial","36.5N_121.5W"
52519,38.17441,-121.51733,"row","38N_121.5W"
332581,38.27661,-121.22766,"woody_perennial","38.5N_121W"
248496,38.11573,-121.64507,"woody_perennial","38N_121.5W"
488132,33.7738,-115.32678,"woody_perennial","34N_115.5W"
296871,38.54294,-121.87237,"woody_perennial","38.5N_122W"
142350,38.13472,-121.62383,"woody_perennial","38N_121.5W"
528423,36.34069,-120.1207,"woody_perennial","36.5N_120W"
321992,35.8788,-119.51656,"woody_perennial","36N_119.5W"
589918,36.62289,-121.54925,"woody_perennial","36.5N_121.5W"
535358,39.68222,-122.0026,"soil","39.5N_122W"
437146,38.75169,-120.67468,"woody_perennial","39N_120.5W"
589581,38.09222,-121.64036,"woody_perennial","38N_121.5W"
96038,33.12785,-115.54385,"woody_perennial","33N_115.5W"
590073,38.10809,-121.65527,"woody_perennial","38N_121.5W"
30934,33.69643,-114.58866,"woody_perennial","33.5N_114.5W"
14,35.98256,-119.16781,"corn","36N_119W"
469135,41.96147,-120.30404,"woody_perennial","42N_120.5W"
155097,38.1542,-121.61398,"rice","38N_121.5W"
472163,34.34121,-119.30182,"row","34.5N_119.5W"
32528,33.48618,-116.13102,"woody_perennial","33.5N_116W"
152256,38.29046,-122.38996,"woody_perennial","38.5N_122.5W"
357428,41.90001,-124.13959,"woody_perennial","42N_124W"
362135,36.91921,-120.60184,"woody_perennial","37N_120.5W"
329357,35.14637,-118.82009,"row","35N_119W"
429989,36.72355,-119.8642,"woody_perennial","36.5N_120W"
89752,37.37847,-118.40035,"woody_perennial","37.5N_118.5W"
28809,36.26025,-119.70729,"woody_perennial","36.5N_119.5W"
594379,36.94719,-121.8011,"grass","37N_122W"
330822,38.05391,-121.48873,"woody_perennial","38N_121.5W"
102480,39.74194,-122.25899,"woody_perennial","39.5N_122.5W"
284301,36.90351,-120.48616,"row","37N_120.5W"
405184,33.56834,-114.6181,"woody_perennial","33.5N_114.5W"
244878,38.05085,-121.48882,"rice","38N_121.5W"
15499,37.02377,-120.14611,"woody_perennial","37N_120W"
327124,35.06707,-119.30699,"grass","35N_119.5W"
285241,38.27897,-122.33578,"alfalfa","38.5N_122.5W"
597240,33.20952,-115.51989,"woody_perennial","33N_115.5W"
405606,35.4088,-119.47618,"grass","35.5N_119.5W"
118038,40.01262,-122.12186,"woody_perennial","40N_122W"
144461,36.89782,-120.42527,"woody_perennial","37N_120.5W"
299613,38.06203,-121.46995,"grass","38N_121.5W"
506467,33.62682,-116.20413,"woody_perennial","33.5N_116W"
293793,39.32027,-121.9284,"woody_perennial","39.5N_122W"
453786,38.71969,-122.79846,"woody_perennial","38.5N_123W"
153154,37.09871,-121.94973,"woody_perennial","37N_122W"
535040,41.79868,-122.03721,"woody_perennial","42N_122W"
302976,32.74101,-114.59509,"woody_perennial","32.5N_114.5W"
549173,38.74698,-120.66111,"grass","38.5N_120.5W"
336904,38.07339,-121.55144,"woody_perennial","38N_121.5W"
555182,39.90458,-122.15595,"alfalfa","40N_122W"
212287,35.28216,-118.94883,"row","35.5N_119W"
313780,36.96793,-121.80891,"woody_perennial","37N_122W"
107465,39.69923,-122.16946,"soil","39.5N_122W"
403505,36.17637,-119.82926,"woody_perennial","36N_120W"
372700,33.5455,-116.14052,"grass","33.5N_116W"
14956,36.60424,-119.24576,"woody_perennial","36.5N_119W"
309355,33.31083,-115.5841,"woody_perennial","33.5N_115.5W"
375119,39.53131,-122.30753,"woody_perennial","39.5N_122.5W"
236386,38.79874,-120.81872,"woody_perennial","39N_121W"
250488,39.83968,-122.0364,"woody_perennial","40N_122W"
219229,39.77745,-122.05005,"woody_perennial","40N_122W"
601779,34.03653,-116.93889,"woody_perennial","34N_117W"
542872,37.88646,-121.30578,"woody_perennial","38N_121.5W"
424527,33.44177,-116.05899,"woody_perennial","33.5N_116W"
417431,34.64269,-120.01665,"rice","34.5N_120W"
327540,39.15898,-121.48311,"row","39N_121.5W"
237955,40.51096,-124.01932,"woody_perennial","40.5N_124W"
24366,36.14068,-119.93673,"woody_perennial","36N_120W"
354196,33.50676,-116.13356,"woody_perennial","33.5N_116W"
54800,38.35344,-121.70086,"row","38.5N_121.5W"
257423,39.6726,-122.30763,"alfalfa","39.5N_122.5W"
276098,36.66514,-119.87397,"woody_perennial","36.5N_120W"
378874,35.27025,-118.80217,"row","35.5N_119W"
420047,33.20238,-117.17522,"row","33N_117W"
41669,34.49026,-120.08807,"woody_perennial","34.5N_120W"
338040,34.23752,-119.2297,"woody_perennial","34N_119W"
371139,34.47955,-119.29727,"woody_perennial","34.5N_119.5W"
520659,38.86216,-121.63346,"woody_perennial","39N_121.5W"
24007,37.66695,-118.36616,"woody_perennial","37.5N_118.5W"
436143,32.78821,-114.54959,"woody_perennial","33N_114.5W"
