parameter,response_var,gradient_var,target,r_squared,adj_r_squared,p_value,slope,intercept,n_sites
leaf_turnover_rate,TotSoilCarb,twi,variance_explained,0.2936476593706447,0.2800639605123879,2.3167547778635077e-5,0.008143445117650746,3.978441767672532,54
Vm_low_temp,NPP,twi,elasticity,0.29364765937064324,0.28006396051238636,2.316754777863641e-5,-0.006398784522631612,1.1034188133753031,54
Amax,NPP,twi,elasticity,0.2936476593706417,0.2800639605123848,2.3167547778637608e-5,-0.04256106250699118,3.8517624945509557,54
leaf_respiration_rate_m2,AbvGrndWood,twi,variance_explained,0.29364765937064147,0.2800639605123846,2.316754777863808e-5,-0.07503302016696188,6.736867242952403,54
root_respiration_rate,TotSoilCarb,twi,variance_explained,0.29364765937064147,0.2800639605123846,2.316754777863808e-5,-0.1035274654117157,5.084221175426657,54
root_respiration_rate,AbvGrndWood,twi,variance_explained,0.29364765937064136,0.2800639605123846,2.3167547778638205e-5,0.38254972493598594,7.837856277541676,54
SLA,TotSoilCarb,twi,variance_explained,0.2936476593706413,0.28006396051238447,2.316754777863919e-5,0.12437739889582099,-0.18088893707823364,54
growth_resp_factor,AbvGrndWood,twi,elasticity,0.2936476593706413,0.28006396051238447,2.316754777863808e-5,0.01845844396007228,0.9785296554910484,54
dVPDSlope,TotSoilCarb,twi,elasticity,0.2936476593706413,0.28006396051238447,2.316754777863829e-5,0.03986810183752707,0.3959864685881951,54
Amax,AbvGrndWood,twi,elasticity,0.29364765937064125,0.28006396051238436,2.3167547778637906e-5,0.16552751344181527,5.358325814279403,54
GDD,NPP,twi,variance_explained,0.29364765937064125,0.28006396051238436,2.316754777863842e-5,-0.4305960977106862,8.829671176566912,54
SLA,NPP,twi,elasticity,0.29364765937064125,0.28006396051238436,2.316754777863868e-5,0.04674674091364158,1.1931672262324475,54
leaf_respiration_rate_m2,AbvGrndWood,twi,elasticity,0.29364765937064125,0.28006396051238436,2.316754777863868e-5,-0.11129919011565625,3.098004879815746,54
AmaxFrac,NPP,twi,elasticity,0.2936476593706412,0.28006396051238436,2.316754777863868e-5,0.28191785572672656,-0.45345093680564846,54
dVpdExp,NPP,twi,elasticity,0.2936476593706412,0.28006396051238436,2.3167547778638205e-5,-0.09093189497799706,3.91018387060058,54
leaf_respiration_rate_m2,TotSoilCarb,twi,variance_explained,0.2936476593706412,0.28006396051238436,2.316754777863842e-5,-0.07863309063908311,2.516627267669137,54
stem_respiration_rate,NPP,twi,elasticity,0.2936476593706412,0.28006396051238436,2.316754777863829e-5,0.025956134486123984,0.3908450410756958,54
fracLeafFall,TotSoilCarb,twi,variance_explained,0.29364765937064113,0.28006396051238436,2.3167547778638506e-5,-0.3540296119352568,6.036330205996012,54
leafC,NPP,twi,elasticity,0.29364765937064113,0.28006396051238436,2.316754777863842e-5,-19.1613811616126,323.7043966462986,54
veg_respiration_Q10,AbvGrndWood,twi,elasticity,0.29364765937064113,0.28006396051238436,2.3167547778638506e-5,-0.1914390750117102,7.440081769347328,54
veg_respiration_Q10,AbvGrndWood,twi,variance_explained,0.29364765937064113,0.28006396051238436,2.3167547778638506e-5,0.06700594025023843,-0.0068493852519239,54
veg_respiration_Q10,NPP,twi,variance_explained,0.29364765937064113,0.28006396051238436,2.316754777863842e-5,0.08722040928945142,-0.07897073969681724,54
veg_respiration_Q10,TotSoilCarb,twi,elasticity,0.29364765937064113,0.28006396051238436,2.316754777863842e-5,-0.006501436998827448,0.260130796896454,54
SLA,AbvGrndWood,twi,elasticity,0.29364765937064113,0.28006396051238436,2.3167547778638506e-5,0.039763550993021056,1.8776662036632779,54
half_saturation_PAR,TotSoilCarb,twi,variance_explained,0.29364765937064113,0.28006396051238436,2.316754777863829e-5,-0.4425450868939421,7.901462253531576,54
leaf_respiration_rate_m2,NPP,twi,elasticity,0.29364765937064113,0.28006396051238436,2.316754777863863e-5,-0.08353426931018224,2.395988787768983,54
leafGrowth,NPP,twi,variance_explained,0.29364765937064113,0.28006396051238436,2.3167547778638506e-5,0.35726187708961216,3.196251621932736,54
psnTOpt,NPP,twi,variance_explained,0.29364765937064113,0.28006396051238436,2.3167547778638808e-5,0.0019722207155160893,0.06223313740495277,54
leaf_turnover_rate,NPP,twi,elasticity,0.29364765937064113,0.28006396051238436,2.3167547778638506e-5,-0.1431672694545027,2.79099545166287,54
root_turnover_rate,AbvGrndWood,twi,variance_explained,0.29364765937064113,0.28006396051238436,2.316754777863829e-5,-0.3937933064353325,8.739576579486545,54
extinction_coefficient,AbvGrndWood,twi,variance_explained,0.29364765937064113,0.28006396051238436,2.3167547778638205e-5,-0.06444236659837936,1.919492557616635,54
fracLeafFall,AbvGrndWood,twi,elasticity,0.2936476593706411,0.28006396051238425,2.316754777863868e-5,-15.116802623938051,319.1656907656813,54
leafC,AbvGrndWood,twi,elasticity,0.2936476593706411,0.28006396051238425,2.3167547778638506e-5,-32.22212481059003,543.6209635648752,54
leafC,AbvGrndWood,twi,variance_explained,0.2936476593706411,0.28006396051238425,2.316754777863868e-5,0.07866288027415198,1.0789684988136563,54
GDD,AbvGrndWood,twi,variance_explained,0.2936476593706411,0.28006396051238425,2.316754777863842e-5,-0.4108659286686779,8.744206633560083,54
coarse_root_respiration_Q10,TotSoilCarb,twi,elasticity,0.2936476593706411,0.28006396051238425,2.3167547778638506e-5,0.13466112323171972,-0.0808312271689294,54
SLA,NPP,twi,variance_explained,0.2936476593706411,0.28006396051238425,2.316754777863868e-5,0.32233534322251867,-0.8509372628823608,54
fine_root_respiration_Q10,TotSoilCarb,twi,variance_explained,0.2936476593706411,0.28006396051238425,2.3167547778638506e-5,0.31123659491571487,-0.49488448697888576,54
half_saturation_PAR,NPP,twi,elasticity,0.2936476593706411,0.28006396051238425,2.316754777863829e-5,0.04451880753433892,0.3456421504558852,54
half_saturation_PAR,NPP,twi,variance_explained,0.2936476593706411,0.28006396051238425,2.316754777863829e-5,0.45163036335334333,-0.5129418878381368,54
dVPDSlope,AbvGrndWood,twi,variance_explained,0.2936476593706411,0.28006396051238425,2.3167547778638506e-5,0.2509587868457643,-0.2190416916289208,54
leafGrowth,TotSoilCarb,twi,elasticity,0.2936476593706411,0.28006396051238425,2.316754777863863e-5,0.016954772009819638,0.07404397894967825,54
leafGrowth,TotSoilCarb,twi,variance_explained,0.2936476593706411,0.28006396051238425,2.316754777863808e-5,0.0202595660223711,0.21587255885679485,54
psnTOpt,NPP,twi,elasticity,0.2936476593706411,0.28006396051238425,2.3167547778638506e-5,0.034923599501419295,0.6407348559068878,54
root_turnover_rate,AbvGrndWood,twi,elasticity,0.2936476593706411,0.28006396051238425,2.316754777863868e-5,-0.04881724268316219,0.9993267634223462,54
stem_respiration_rate,TotSoilCarb,twi,variance_explained,0.2936476593706411,0.28006396051238425,2.316754777863863e-5,-0.1229524571848537,3.677074438684484,54
root_respiration_rate,AbvGrndWood,twi,elasticity,0.2936476593706411,0.28006396051238425,2.3167547778638506e-5,-1.0305981199931498,16.951861602659044,54
fracLeafFall,AbvGrndWood,twi,variance_explained,0.293647659370641,0.28006396051238414,2.316754777863863e-5,-0.10845065758960415,2.3582759113709306,54
fracLeafFall,NPP,twi,elasticity,0.293647659370641,0.28006396051238414,2.3167547778638506e-5,-3.306101968753213,101.17859758460803,54
fracLeafFall,NPP,twi,variance_explained,0.293647659370641,0.28006396051238414,2.3167547778638506e-5,-0.10414564776364703,2.2127640490684546,54
AmaxFrac,AbvGrndWood,twi,variance_explained,0.293647659370641,0.28006396051238414,2.3167547778638808e-5,0.21957593561832828,-0.6000106102676193,54
dVpdExp,NPP,twi,variance_explained,0.293647659370641,0.28006396051238414,2.3167547778638506e-5,0.17370019471962211,1.6763783235141365,54
GDD,AbvGrndWood,twi,elasticity,0.293647659370641,0.28006396051238414,2.3167547778638506e-5,-1.9631506406594073,35.76615481787011,54
GDD,TotSoilCarb,twi,variance_explained,0.293647659370641,0.28006396051238414,2.316754777863863e-5,-0.0229628084913343,2.608459269355655,54
coarse_root_respiration_Q10,AbvGrndWood,twi,variance_explained,0.293647659370641,0.28006396051238414,2.316754777863868e-5,-0.5171968216181216,11.181928171510608,54
coarse_root_respiration_Q10,NPP,twi,variance_explained,0.293647659370641,0.28006396051238414,2.3167547778638506e-5,-0.6125398231050823,11.404681030805754,54
coarse_root_respiration_Q10,TotSoilCarb,twi,variance_explained,0.293647659370641,0.28006396051238414,2.316754777863829e-5,0.21103180833282906,2.7830501908208545,54
SLA,AbvGrndWood,twi,variance_explained,0.293647659370641,0.28006396051238414,2.316754777863829e-5,0.17504091642748168,-0.42525218928137254,54
fine_root_respiration_Q10,TotSoilCarb,twi,elasticity,0.293647659370641,0.28006396051238414,2.3167547778638808e-5,0.0033218757006582243,0.2905036381304694,54
half_saturation_PAR,TotSoilCarb,twi,elasticity,0.293647659370641,0.28006396051238414,2.3167547778638035e-5,-0.010039064303247948,0.16829819627399728,54
growth_resp_factor,AbvGrndWood,twi,variance_explained,0.293647659370641,0.28006396051238414,2.3167547778638808e-5,-0.23154663791241617,5.989218137246196,54
dVPDSlope,NPP,twi,elasticity,0.293647659370641,0.28006396051238414,2.316754777863868e-5,0.021470709812203215,0.07775313173824086,54
Vm_low_temp,AbvGrndWood,twi,variance_explained,0.293647659370641,0.28006396051238414,2.3167547778638205e-5,0.7977979153673338,-1.840004566318611,54
leafGrowth,AbvGrndWood,twi,elasticity,0.293647659370641,0.28006396051238414,2.316754777863842e-5,-0.0446173356462577,1.5504912029964766,54
psnTOpt,AbvGrndWood,twi,variance_explained,0.293647659370641,0.28006396051238414,2.3167547778638506e-5,-0.005386732628016012,0.09361313105382588,54
psnTOpt,TotSoilCarb,twi,variance_explained,0.293647659370641,0.28006396051238414,2.316754777863863e-5,-0.12864141034762677,2.1154917953710637,54
leaf_turnover_rate,AbvGrndWood,twi,elasticity,0.293647659370641,0.28006396051238414,2.316754777863863e-5,-0.26458710420775544,4.833002537719931,54
root_turnover_rate,NPP,twi,elasticity,0.293647659370641,0.28006396051238414,2.316754777863842e-5,-0.038210643915048845,0.7499022778825517,54
root_turnover_rate,TotSoilCarb,twi,variance_explained,0.293647659370641,0.28006396051238414,2.3167547778638506e-5,-0.18899407608008392,3.762048562479165,54
extinction_coefficient,NPP,twi,elasticity,0.293647659370641,0.28006396051238414,2.3167547778638205e-5,-0.3481890038667573,5.860671525016499,54
extinction_coefficient,TotSoilCarb,twi,variance_explained,0.293647659370641,0.28006396051238414,2.3167547778638506e-5,-0.4253092036638052,9.087935695547186,54
root_respiration_rate,TotSoilCarb,twi,elasticity,0.293647659370641,0.28006396051238414,2.316754777863868e-5,-0.1359947192853029,2.2369742463733595,54
leafC,TotSoilCarb,twi,elasticity,0.29364765937064097,0.28006396051238414,2.316754777863842e-5,-21.3269556461275,361.7128934090321,54
Amax,TotSoilCarb,twi,elasticity,0.29364765937064097,0.28006396051238414,2.316754777863863e-5,0.19149054880405697,0.9495050232614735,54
Amax,TotSoilCarb,twi,variance_explained,0.29364765937064097,0.28006396051238414,2.316754777863863e-5,0.3305672425876968,2.3167463864769453,54
veg_respiration_Q10,NPP,twi,elasticity,0.29364765937064097,0.28006396051238414,2.3167547778638205e-5,0.16061714502786026,0.6454035048475294,54
GDD,TotSoilCarb,twi,elasticity,0.29364765937064097,0.28006396051238414,2.316754777863842e-5,-0.8115430637811359,14.159841013450144,54
coarse_root_respiration_Q10,AbvGrndWood,twi,elasticity,0.29364765937064097,0.28006396051238414,2.316754777863829e-5,0.1034449028000498,1.2100711373552195,54
fine_root_respiration_Q10,AbvGrndWood,twi,elasticity,0.29364765937064097,0.28006396051238414,2.316754777863868e-5,-0.1622882092967949,4.565699291528866,54
fine_root_respiration_Q10,AbvGrndWood,twi,variance_explained,0.29364765937064097,0.28006396051238414,2.316754777863868e-5,0.3646756283156816,-0.4193045650770933,54
fine_root_respiration_Q10,NPP,twi,elasticity,0.29364765937064097,0.28006396051238414,2.3167547778638506e-5,-0.12095121095192898,2.0108723311211536,54
growth_resp_factor,NPP,twi,variance_explained,0.29364765937064097,0.28006396051238414,2.316754777863829e-5,-0.24894493450834224,5.965478521145147,54
dVPDSlope,AbvGrndWood,twi,elasticity,0.29364765937064097,0.28006396051238414,2.316754777863829e-5,0.0695513036043319,0.13617565785358768,54
dVPDSlope,NPP,twi,variance_explained,0.29364765937064097,0.28006396051238414,2.316754777863829e-5,0.2225433845920437,-0.12486111608589126,54
leaf_respiration_rate_m2,TotSoilCarb,twi,elasticity,0.29364765937064097,0.28006396051238414,2.3167547778638506e-5,-0.07775081204576965,1.7852605676170354,54
Vm_low_temp,NPP,twi,variance_explained,0.29364765937064097,0.28006396051238414,2.3167547778638205e-5,0.6952432405190295,-1.4966218373452538,54
root_turnover_rate,NPP,twi,variance_explained,0.29364765937064097,0.28006396051238414,2.3167547778638205e-5,-0.4031151055826821,8.850123170813939,54
extinction_coefficient,AbvGrndWood,twi,elasticity,0.29364765937064097,0.28006396051238414,2.3167547778638506e-5,-0.7077191431156482,11.8314594833443,54
extinction_coefficient,TotSoilCarb,twi,elasticity,0.29364765937064097,0.28006396051238414,2.316754777863868e-5,-0.19686630234764593,4.41518188193416,54
root_respiration_rate,NPP,twi,elasticity,0.29364765937064097,0.28006396051238414,2.316754777863842e-5,-0.6967529537402264,11.500522061784705,54
fracLeafFall,TotSoilCarb,twi,elasticity,0.2936476593706409,0.28006396051238414,2.3167547778638506e-5,-5.063562704899041,112.27768198592372,54
Amax,AbvGrndWood,twi,variance_explained,0.2936476593706409,0.28006396051238414,2.316754777863842e-5,-0.3321361102507039,5.825845056754167,54
Amax,NPP,twi,variance_explained,0.2936476593706409,0.28006396051238414,2.316754777863868e-5,-0.34306745619873946,5.97097632211123,54
AmaxFrac,NPP,twi,variance_explained,0.2936476593706409,0.28006396051238414,2.3167547778638506e-5,0.20185072564037934,-0.5516666502224077,54
veg_respiration_Q10,TotSoilCarb,twi,variance_explained,0.2936476593706409,0.28006396051238414,2.316754777863829e-5,-0.1185671289839318,8.717519736706526,54
GDD,NPP,twi,elasticity,0.2936476593706409,0.28006396051238414,2.3167547778638506e-5,-1.442425011981791,25.07090447235821,54
SLA,TotSoilCarb,twi,elasticity,0.2936476593706409,0.28006396051238414,2.3167547778638506e-5,0.04735325491839179,0.11429902440372344,54
dVPDSlope,TotSoilCarb,twi,variance_explained,0.2936476593706409,0.28006396051238414,2.3167547778638205e-5,0.1761886692478345,1.1545921543919753,54
leafGrowth,NPP,twi,elasticity,0.2936476593706409,0.28006396051238414,2.3167547778638506e-5,-0.056460250183235076,1.2097942610407066,54
psnTOpt,TotSoilCarb,twi,elasticity,0.2936476593706409,0.28006396051238414,2.316754777863863e-5,-0.10531411500494703,1.765784800987339,54
leaf_turnover_rate,NPP,twi,variance_explained,0.2936476593706409,0.28006396051238414,2.316754777863808e-5,0.1528062784457379,1.5133754737248903,54
leaf_turnover_rate,TotSoilCarb,twi,elasticity,0.2936476593706409,0.28006396051238414,2.316754777863842e-5,-0.10851544813771082,2.361456793739044,54
extinction_coefficient,NPP,twi,variance_explained,0.2936476593706409,0.28006396051238414,2.316754777863868e-5,-0.07714824986155036,2.058268958315722,54
stem_respiration_rate,AbvGrndWood,twi,variance_explained,0.2936476593706409,0.28006396051238414,2.316754777863889e-5,0.3398804077886204,8.318270367879453,54
stem_respiration_rate,TotSoilCarb,twi,elasticity,0.2936476593706409,0.28006396051238414,2.3167547778638506e-5,-0.048231810429227265,0.7975434373785544,54
leafC,TotSoilCarb,twi,variance_explained,0.29364765937064086,0.280063960512384,2.3167547778638506e-5,0.3035295972733621,2.060090134465025,54
AmaxFrac,AbvGrndWood,twi,elasticity,0.29364765937064086,0.280063960512384,2.3167547778638506e-5,0.4011367219740551,-0.5634026459617592,54
AmaxFrac,TotSoilCarb,twi,elasticity,0.29364765937064086,0.280063960512384,2.316754777863829e-5,0.16614502420223773,-0.47938020497054346,54
AmaxFrac,TotSoilCarb,twi,variance_explained,0.29364765937064086,0.280063960512384,2.316754777863863e-5,0.12892125165997464,0.28064445964833545,54
dVpdExp,AbvGrndWood,twi,elasticity,0.29364765937064086,0.280063960512384,2.3167547778638506e-5,-0.19807519603102652,7.122736680648555,54
dVpdExp,AbvGrndWood,twi,variance_explained,0.29364765937064086,0.280063960512384,2.316754777863868e-5,0.24427508634011577,1.4372198503888736,54
half_saturation_PAR,AbvGrndWood,twi,elasticity,0.29364765937064086,0.280063960512384,2.316754777863842e-5,0.03980212944686476,0.675916695935974,54
growth_resp_factor,TotSoilCarb,twi,elasticity,0.29364765937064086,0.280063960512384,2.316754777863808e-5,0.013381509128805655,-0.023578973694078315,54
leaf_respiration_rate_m2,NPP,twi,variance_explained,0.29364765937064086,0.280063960512384,2.3167547778638506e-5,-0.23194017225891786,7.239286887876208,54
leafGrowth,AbvGrndWood,twi,variance_explained,0.29364765937064086,0.280063960512384,2.3167547778638506e-5,0.37497747556191635,3.2233349637181843,54
psnTOpt,AbvGrndWood,twi,elasticity,0.29364765937064086,0.280063960512384,2.3167547778638506e-5,-0.013638529202848844,0.9749972923642634,54
root_turnover_rate,TotSoilCarb,twi,elasticity,0.29364765937064086,0.280063960512384,2.316754777863863e-5,-0.012460922724753042,0.36958424742583096,54
stem_respiration_rate,NPP,twi,variance_explained,0.29364765937064086,0.280063960512384,2.3167547778638808e-5,1.0701102544658858,6.11140294470092,54
leafC,NPP,twi,variance_explained,0.2936476593706408,0.2800639605123839,2.3167547778638506e-5,0.08125574558946942,1.0638682986321613,54
dVpdExp,TotSoilCarb,twi,elasticity,0.2936476593706408,0.2800639605123839,2.3167547778638506e-5,-0.12442890636584593,4.507171609089653,54
fine_root_respiration_Q10,NPP,twi,variance_explained,0.2936476593706408,0.2800639605123839,2.316754777863863e-5,0.13714709844103443,0.21084209822162395,54
half_saturation_PAR,AbvGrndWood,twi,variance_explained,0.2936476593706408,0.2800639605123839,2.3167547778638506e-5,0.4919885178998114,-0.6545123923869071,54
Vm_low_temp,TotSoilCarb,twi,variance_explained,0.2936476593706408,0.2800639605123839,2.316754777863889e-5,1.5961755389286543,11.183629373008596,54
root_respiration_rate,NPP,twi,variance_explained,0.2936476593706408,0.2800639605123839,2.316754777863889e-5,0.25506885364250564,8.32969391213703,54
coarse_root_respiration_Q10,NPP,twi,elasticity,0.29364765937064075,0.2800639605123839,2.316754777863842e-5,0.01537476860569059,1.1542283932884043,54
Vm_low_temp,AbvGrndWood,twi,elasticity,0.29364765937064075,0.2800639605123839,2.316754777863919e-5,-0.003073011825019511,1.0462061680717178,54
leaf_turnover_rate,AbvGrndWood,twi,variance_explained,0.29364765937064075,0.2800639605123839,2.3167547778638808e-5,0.11585479159834011,1.6651405310602918,54
stem_respiration_rate,AbvGrndWood,twi,elasticity,0.29364765937064075,0.2800639605123839,2.3167547778638506e-5,-0.041068167984180975,0.7153826481458444,54
growth_resp_factor,TotSoilCarb,twi,variance_explained,0.2936476593706406,0.2800639605123837,2.316754777863868e-5,-0.007438623486970574,0.4723713672737764,54
growth_resp_factor,NPP,twi,elasticity,0.2936476593706399,0.280063960512383,2.3167547778639404e-5,0.004204300955775553,0.7458146900441982,54
dVpdExp,TotSoilCarb,twi,variance_explained,0.29364765937063975,0.2800639605123829,2.3167547778640173e-5,0.016843493791437316,4.435591706827479,54
Vm_low_temp,TotSoilCarb,twi,elasticity,0.29364765937063353,0.2800639605123765,2.316754777864472e-5,-8.128650711675842e-4,1.0097791842733517,54
leaf_turnover_rate,TotSoilCarb,ocd,variance_explained,0.10786011710047363,0.09070358089086739,0.015325698790814593,1.388455113467753e-4,4.052073165664044,54
Vm_low_temp,NPP,ocd,elasticity,0.10786011710047247,0.09070358089086628,0.015325698790814971,-1.09099097029209e-4,1.0455622866791747,54
Amax,NPP,ocd,elasticity,0.10786011710047225,0.09070358089086605,0.01532569879081526,-7.256649245952088e-4,3.4669339008638205,54
root_respiration_rate,TotSoilCarb,ocd,variance_explained,0.10786011710047215,0.09070358089086594,0.015325698790815443,-0.001765140387864736,4.148146590450309,54
leaf_respiration_rate_m2,AbvGrndWood,ocd,variance_explained,0.10786011710047212,0.09070358089086594,0.015325698790815388,-0.0012793108939107261,6.058433718737462,54
veg_respiration_Q10,TotSoilCarb,ocd,elasticity,0.1078601171004721,0.09070358089086583,0.015325698790815518,-1.1084931887543099e-4,0.20134610709240358,54
root_respiration_rate,AbvGrndWood,ocd,variance_explained,0.10786011710047207,0.09070358089086583,0.015325698790815474,0.006522462103806504,11.296794189120691,54
leafGrowth,NPP,ocd,elasticity,0.10786011710047205,0.09070358089086583,0.015325698790815533,-9.62645685481039e-4,0.6992919991747307,54
psnTOpt,NPP,ocd,variance_explained,0.10786011710047205,0.09070358089086583,0.015325698790815563,3.362630800335409e-5,0.08006556168402293,54
coarse_root_respiration_Q10,NPP,ocd,elasticity,0.10786011710047204,0.09070358089086583,0.015325698790815533,2.621393744360721e-4,1.2932439683770467,54
dVPDSlope,NPP,ocd,variance_explained,0.10786011710047204,0.09070358089086583,0.015325698790815518,0.003794358479011671,1.8873315474046866,54
half_saturation_PAR,NPP,ocd,variance_explained,0.10786011710047201,0.09070358089086583,0.015325698790815533,0.007700285055474734,3.570609305629563,54
leaf_respiration_rate_m2,TotSoilCarb,ocd,variance_explained,0.10786011710047201,0.09070358089086583,0.015325698790815518,-0.001340691994705851,1.805642628060086,54
root_turnover_rate,AbvGrndWood,ocd,elasticity,0.10786011710047201,0.09070358089086583,0.015325698790815466,-8.323326215083076e-4,0.5579310429475808,54
fracLeafFall,NPP,ocd,elasticity,0.107860117100472,0.09070358089086583,0.015325698790815577,-0.05636894603994631,71.2854864572112,54
SLA,TotSoilCarb,ocd,elasticity,0.107860117100472,0.09070358089086583,0.015325698790815533,8.073716710913401e-4,0.5424576610392589,54
veg_respiration_Q10,NPP,ocd,elasticity,0.10786011710047198,0.09070358089086572,0.015325698790815542,0.002738517827561147,2.0976715264215007,54
dVPDSlope,AbvGrndWood,ocd,variance_explained,0.10786011710047198,0.09070358089086572,0.015325698790815518,0.00427884029218073,2.0500773417462743,54
extinction_coefficient,AbvGrndWood,ocd,elasticity,0.10786011710047198,0.09070358089086572,0.015325698790815542,-0.012066591583310271,5.432404889114596,54
stem_respiration_rate,TotSoilCarb,ocd,variance_explained,0.10786011710047198,0.09070358089086572,0.015325698790815518,-0.0020963359539529027,2.5653629728099467,54
Amax,AbvGrndWood,ocd,elasticity,0.10786011710047197,0.09070358089086572,0.015325698790815384,0.0028222394715934646,6.854992402522559,54
fine_root_respiration_Q10,NPP,ocd,elasticity,0.10786011710047197,0.09070358089086572,0.015325698790815533,-0.0020622147616900623,0.9172557324344731,54
fine_root_respiration_Q10,TotSoilCarb,ocd,variance_explained,0.10786011710047197,0.09070358089086572,0.015325698790815474,0.005306575232788949,2.3192544012528877,54
leaf_respiration_rate_m2,NPP,ocd,elasticity,0.10786011710047197,0.09070358089086572,0.015325698790815474,-0.0014242569538796648,1.640688673303104,54
leaf_turnover_rate,AbvGrndWood,ocd,elasticity,0.10786011710047197,0.09070358089086572,0.015325698790815474,-0.004511202721789355,2.440658991237821,54
extinction_coefficient,AbvGrndWood,ocd,variance_explained,0.10786011710047197,0.09070358089086572,0.015325698790815388,-0.0010987405469651576,1.3368175995407747,54
leafC,NPP,ocd,variance_explained,0.10786011710047196,0.09070358089086572,0.015325698790815563,0.0013854081882101528,1.798566458459792,54
veg_respiration_Q10,AbvGrndWood,ocd,variance_explained,0.10786011710047196,0.09070358089086572,0.015325698790815443,0.0011424494059830688,0.5990048917870441,54
GDD,NPP,ocd,elasticity,0.10786011710047196,0.09070358089086572,0.015325698790815474,-0.02459330608539373,12.028786720506448,54
leaf_respiration_rate_m2,TotSoilCarb,ocd,elasticity,0.10786011710047196,0.09070358089086572,0.015325698790815601,-0.001325649169382032,1.0822533141516997,54
psnTOpt,AbvGrndWood,ocd,variance_explained,0.10786011710047196,0.09070358089086572,0.015325698790815474,-9.18436405501318e-5,0.04490737467221538,54
extinction_coefficient,TotSoilCarb,ocd,elasticity,0.10786011710047196,0.09070358089086572,0.01532569879081562,-0.003356564945364687,2.6351562478375823,54
root_respiration_rate,TotSoilCarb,ocd,elasticity,0.10786011710047196,0.09070358089086572,0.015325698790815497,-0.0023187061577540605,1.0073372615625773,54
leafC,NPP,ocd,elasticity,0.10786011710047194,0.09070358089086572,0.015325698790815533,-0.32670101253928097,150.45103004354283,54
Amax,TotSoilCarb,ocd,elasticity,0.10786011710047194,0.09070358089086572,0.015325698790815518,0.0032649084978967693,2.68092417165652,54
AmaxFrac,AbvGrndWood,ocd,variance_explained,0.10786011710047194,0.09070358089086572,0.015325698790815497,0.003743763557059304,1.3853509745767016,54
GDD,AbvGrndWood,ocd,elasticity,0.10786011710047194,0.09070358089086572,0.015325698790815466,-0.033471663480890264,18.015740337102343,54
coarse_root_respiration_Q10,TotSoilCarb,ocd,variance_explained,0.10786011710047194,0.09070358089086572,0.015325698790815518,0.0035980864259645287,4.6911574898488295,54
fine_root_respiration_Q10,AbvGrndWood,ocd,variance_explained,0.10786011710047194,0.09070358089086572,0.015325698790815518,0.006217709256669529,2.87801934862088,54
dVPDSlope,NPP,ocd,elasticity,0.10786011710047194,0.09070358089086572,0.015325698790815577,3.660750014010752e-4,0.271886984978806,54
dVPDSlope,TotSoilCarb,ocd,elasticity,0.10786011710047194,0.09070358089086572,0.015325698790815466,6.797500205482633e-4,0.7564658518411593,54
leafGrowth,TotSoilCarb,ocd,variance_explained,0.10786011710047194,0.09070358089086572,0.015325698790815443,3.454250336805063e-4,0.39905549278425684,54
extinction_coefficient,NPP,ocd,elasticity,0.10786011710047194,0.09070358089086572,0.015325698790815533,-0.005936612771223624,2.712416364014377,54
leafC,TotSoilCarb,ocd,elasticity,0.10786011710047193,0.09070358089086572,0.015325698790815412,-0.36362399689270725,168.87883651538627,54
dVpdExp,NPP,ocd,elasticity,0.10786011710047193,0.09070358089086572,0.015325698790815412,-0.0015503862644798553,3.087995908071665,54
GDD,TotSoilCarb,ocd,elasticity,0.10786011710047193,0.09070358089086572,0.015325698790815474,-0.01383678652495498,6.8220313452788215,54
SLA,NPP,ocd,variance_explained,0.10786011710047193,0.09070358089086572,0.015325698790815474,0.005495808580801236,2.0635542822383974,54
leaf_respiration_rate_m2,AbvGrndWood,ocd,elasticity,0.10786011710047193,0.09070358089086572,0.015325698790815518,-0.0018976480765610284,2.091659918298642,54
Vm_low_temp,AbvGrndWood,ocd,elasticity,0.10786011710047193,0.09070358089086572,0.0153256987908157,-5.23947656127397e-5,1.0184206112893432,54
psnTOpt,AbvGrndWood,ocd,elasticity,0.10786011710047193,0.09070358089086572,0.015325698790815518,-2.325365412094481e-4,0.8516804458397875,54
Amax,TotSoilCarb,ocd,variance_explained,0.10786011710047191,0.09070358089086572,0.01532569879081562,0.005636162234592788,5.305669115160269,54
GDD,NPP,ocd,variance_explained,0.10786011710047191,0.09070358089086572,0.015325698790815474,-0.007341651414949741,4.936307595665883,54
SLA,TotSoilCarb,ocd,variance_explained,0.10786011710047191,0.09070358089086572,0.015325698790815542,0.0021206311702453044,0.9437065660457864,54
half_saturation_PAR,TotSoilCarb,ocd,variance_explained,0.10786011710047191,0.09070358089086572,0.015325698790815601,-0.007545381346109978,3.9000583082101326,54
dVPDSlope,AbvGrndWood,ocd,elasticity,0.10786011710047191,0.09070358089086572,0.015325698790815443,0.0011858477799337242,0.7650445999944354,54
fracLeafFall,TotSoilCarb,ocd,variance_explained,0.1078601171004719,0.09070358089086572,0.015325698790815533,-0.006036194975331474,2.8352654378815423,54
Amax,AbvGrndWood,ocd,variance_explained,0.1078601171004719,0.09070358089086572,0.015325698790815497,-0.0056629113843394375,2.8227369412201977,54
dVpdExp,AbvGrndWood,ocd,elasticity,0.1078601171004719,0.09070358089086572,0.01532569879081562,-0.003377176548833228,5.331780472250261,54
coarse_root_respiration_Q10,AbvGrndWood,ocd,variance_explained,0.1078601171004719,0.09070358089086572,0.015325698790815497,-0.008818191333892248,6.505538208500063,54
coarse_root_respiration_Q10,TotSoilCarb,ocd,elasticity,0.1078601171004719,0.09070358089086572,0.015325698790815518,0.002295968382363584,1.1367476495116149,54
growth_resp_factor,AbvGrndWood,ocd,variance_explained,0.1078601171004719,0.09070358089086572,0.015325698790815518,-0.003947863696151558,3.8956198623868064,54
growth_resp_factor,TotSoilCarb,ocd,elasticity,0.1078601171004719,0.09070358089086572,0.015325698790815577,2.2815435614018705e-4,0.0974139488534725,54
psnTOpt,TotSoilCarb,ocd,elasticity,0.1078601171004719,0.09070358089086572,0.015325698790815542,-0.0017956027134266818,0.8135556886125757,54
psnTOpt,TotSoilCarb,ocd,variance_explained,0.1078601171004719,0.09070358089086572,0.015325698790815518,-0.0021933324461624487,0.9523419556349166,54
stem_respiration_rate,NPP,ocd,elasticity,0.1078601171004719,0.09070358089086572,0.015325698790815412,4.4255136655863106e-4,0.6255352048893572,54
fracLeafFall,AbvGrndWood,ocd,variance_explained,0.10786011710047189,0.09070358089086561,0.015325698790815474,-0.0018490806767132197,1.3776868098230797,54
leafC,TotSoilCarb,ocd,variance_explained,0.10786011710047189,0.09070358089086561,0.015325698790815533,0.005175171138681221,4.804543895269131,54
GDD,AbvGrndWood,ocd,variance_explained,0.10786011710047189,0.09070358089086561,0.015325698790815563,-0.007005252584968272,5.029239285234267,54
coarse_root_respiration_Q10,NPP,ocd,variance_explained,0.10786011710047189,0.09070358089086561,0.015325698790815542,-0.010443786840897057,5.866218764639932,54
SLA,AbvGrndWood,ocd,elasticity,0.10786011710047189,0.09070358089086561,0.015325698790815577,6.779674315754814e-4,2.2372002591426825,54
SLA,AbvGrndWood,ocd,variance_explained,0.10786011710047189,0.09070358089086561,0.015325698790815563,0.002984442726249133,1.1574326813190832,54
fine_root_respiration_Q10,AbvGrndWood,ocd,elasticity,0.10786011710047189,0.09070358089086561,0.015325698790815474,-0.0027670094265787068,3.098321841883892,54
half_saturation_PAR,NPP,ocd,elasticity,0.10786011710047189,0.09070358089086561,0.015325698790815443,0.00075904442252042105,0.7481722821520507,54
Vm_low_temp,AbvGrndWood,ocd,variance_explained,0.10786011710047189,0.09070358089086561,0.015325698790815466,0.013602432129182714,5.373524225799967,54
leafGrowth,AbvGrndWood,ocd,variance_explained,0.10786011710047189,0.09070358089086561,0.015325698790815542,0.006393355463901834,6.6138061146942935,54
root_turnover_rate,NPP,ocd,variance_explained,0.10786011710047189,0.09070358089086561,0.015325698790815542,-0.006873101268272967,5.205237210790201,54
fracLeafFall,NPP,ocd,variance_explained,0.10786011710047187,0.09070358089086561,0.015325698790815388,-0.0017756803796642074,1.2710999832116243,54
half_saturation_PAR,TotSoilCarb,ocd,elasticity,0.10786011710047187,0.09070358089086561,0.015325698790815474,-1.7116576540884552e-4,0.07752698967831996,54
leaf_turnover_rate,NPP,ocd,variance_explained,0.10786011710047187,0.09070358089086561,0.015325698790815518,0.0026053427709373154,2.895019205743537,54
leaf_turnover_rate,TotSoilCarb,ocd,elasticity,0.10786011710047187,0.09070358089086561,0.015325698790815497,-0.0018501853537451552,1.380281869045729,54
root_turnover_rate,NPP,ocd,elasticity,0.10786011710047187,0.09070358089086561,0.015325698790815577,-6.514904093569929e-4,0.40440929684400845,54
extinction_coefficient,NPP,ocd,variance_explained,0.10786011710047187,0.09070358089086561,0.015325698790815533,-0.0013153755010048968,1.3607099513062657,54
extinction_coefficient,TotSoilCarb,ocd,variance_explained,0.10786011710047187,0.09070358089086561,0.015325698790815474,-0.007251510019413795,5.242375150594797,54
stem_respiration_rate,AbvGrndWood,ocd,elasticity,0.10786011710047187,0.09070358089086561,0.015325698790815443,-7.002111147626719e-4,0.3440525074083247,54
root_respiration_rate,AbvGrndWood,ocd,elasticity,0.10786011710047187,0.09070358089086561,0.015325698790815563,-0.017571669102714373,7.633400036798871,54
leafC,AbvGrndWood,ocd,elasticity,0.10786011710047186,0.09070358089086561,0.015325698790815601,-0.5493863262256042,252.274971569636,54
AmaxFrac,NPP,ocd,variance_explained,0.10786011710047186,0.09070358089086561,0.015325698790815563,0.0034415492230076114,1.2734271399092523,54
AmaxFrac,TotSoilCarb,ocd,variance_explained,0.10786011710047186,0.09070358089086561,0.015325698790815518,0.00219810373270611,1.4463245684224957,54
veg_respiration_Q10,AbvGrndWood,ocd,elasticity,0.10786011710047186,0.09070358089086561,0.015325698790815466,-0.0032640308711778475,5.709128036662176,54
coarse_root_respiration_Q10,AbvGrndWood,ocd,elasticity,0.10786011710047186,0.09070358089086561,0.015325698790815443,0.0017637326976464984,2.1453992077507023,54
SLA,NPP,ocd,elasticity,0.10786011710047186,0.09070358089086561,0.015325698790815474,7.970306242847511e-4,1.6158418848432041,54
half_saturation_PAR,AbvGrndWood,ocd,variance_explained,0.10786011710047186,0.09070358089086561,0.015325698790815563,0.008388390460995421,3.7939491426723415,54
root_turnover_rate,AbvGrndWood,ocd,variance_explained,0.10786011710047186,0.09070358089086561,0.015325698790815424,-0.006714164853698226,5.178976458330656,54
stem_respiration_rate,AbvGrndWood,ocd,variance_explained,0.10786011710047186,0.09070358089086561,0.015325698790815563,0.005794951440622623,11.39140086901814,54
dVpdExp,AbvGrndWood,ocd,variance_explained,0.10786011710047184,0.09070358089086561,0.015325698790815533,0.0041648833856149795,3.645906203875209,54
fine_root_respiration_Q10,NPP,ocd,variance_explained,0.10786011710047184,0.09070358089086561,0.015325698790815601,0.002338354190107846,1.450898664306293,54
growth_resp_factor,AbvGrndWood,ocd,elasticity,0.10786011710047184,0.09070358089086561,0.015325698790815497,3.1471595292599855e-4,1.1454272048565186,54
leaf_respiration_rate_m2,NPP,ocd,variance_explained,0.10786011710047184,0.09070358089086561,0.015325698790815533,-0.003954573445745629,5.142130354359458,54
leafGrowth,TotSoilCarb,ocd,elasticity,0.10786011710047184,0.09070358089086561,0.015325698790815474,2.890783882571946e-4,0.22734562802747413,54
leaf_turnover_rate,NPP,ocd,elasticity,0.10786011710047184,0.09070358089086561,0.015325698790815497,-0.002440997937402013,1.4965057063198481,54
stem_respiration_rate,TotSoilCarb,ocd,elasticity,0.10786011710047184,0.09070358089086561,0.015325698790815533,-8.22351017963106e-4,0.3614410779645908,54
AmaxFrac,TotSoilCarb,ocd,elasticity,0.10786011710047183,0.09070358089086561,0.015325698790815518,0.0028327680127765006,1.0228697917573288,54
Vm_low_temp,NPP,ocd,variance_explained,0.10786011710047183,0.09070358089086561,0.015325698790815497,0.011853877793198814,4.789628147026656,54
root_respiration_rate,NPP,ocd,elasticity,0.10786011710047183,0.09070358089086561,0.015325698790815533,-0.011879618361368145,5.200621553164523,54
fracLeafFall,TotSoilCarb,ocd,elasticity,0.10786011710047182,0.09070358089086561,0.015325698790815533,-0.08633360240548735,66.49396325350618,54
leafGrowth,AbvGrndWood,ocd,elasticity,0.10786011710047182,0.09070358089086561,0.015325698790815601,-7.607243240711458e-4,1.147070199867246,54
leafGrowth,NPP,ocd,variance_explained,0.10786011710047182,0.09070358089086561,0.01532569879081562,0.006091305005752389,6.426541883503116,54
AmaxFrac,AbvGrndWood,ocd,elasticity,0.1078601171004718,0.09070358089086561,0.015325698790815577,0.006839369883114554,3.063595166139059,54
AmaxFrac,NPP,ocd,elasticity,0.1078601171004718,0.09070358089086561,0.015325698790815466,0.004806691550155115,2.0955937900920407,54
veg_respiration_Q10,NPP,ocd,variance_explained,0.1078601171004718,0.09070358089086561,0.015325698790815518,0.0014871055373628498,0.709658713389851,54
veg_respiration_Q10,TotSoilCarb,ocd,variance_explained,0.1078601171004718,0.09070358089086561,0.015325698790815542,-0.002021566230858593,7.64545952916559,54
growth_resp_factor,NPP,ocd,variance_explained,0.1078601171004718,0.09070358089086561,0.015325698790815577,-0.004244504166189013,3.714568336827146,54
psnTOpt,NPP,ocd,elasticity,0.1078601171004718,0.09070358089086561,0.015325698790815601,5.954463940985447e-4,0.9565070404104189,54
root_turnover_rate,TotSoilCarb,ocd,elasticity,0.1078601171004718,0.09070358089086561,0.01532569879081562,-2.124583837153805e-4,0.25691508256597595,54
root_turnover_rate,TotSoilCarb,ocd,variance_explained,0.1078601171004718,0.09070358089086561,0.015325698790815601,-0.003222343707821369,2.053202019911028,54
dVPDSlope,TotSoilCarb,ocd,variance_explained,0.10786011710047179,0.09070358089086561,0.015325698790815497,0.003004011879714193,2.7476547758694028,54
growth_resp_factor,TotSoilCarb,ocd,variance_explained,0.10786011710047178,0.09070358089086561,0.015325698790815648,-1.2682832226939734e-4,0.4051128251500038,54
stem_respiration_rate,NPP,ocd,variance_explained,0.10786011710047178,0.09070358089086561,0.015325698790815497,0.01824534988965538,15.787125308273128,54
fracLeafFall,AbvGrndWood,ocd,elasticity,0.10786011710047176,0.0907035808908655,0.015325698790815497,-0.25774106166684035,182.48259236181738,54
leafC,AbvGrndWood,ocd,variance_explained,0.10786011710047176,0.0907035808908655,0.015325698790815518,0.001341199907150059,1.7902224903301724,54
dVpdExp,TotSoilCarb,ocd,elasticity,0.10786011710047176,0.0907035808908655,0.0153256987908157,-0.0021215093711676905,3.382110385748921,54
fine_root_respiration_Q10,TotSoilCarb,ocd,elasticity,0.10786011710047176,0.0907035808908655,0.015325698790815577,5.663788772747015e-5,0.32053937217911516,54
dVpdExp,NPP,ocd,variance_explained,0.10786011710047175,0.0907035808908655,0.015325698790815563,0.002961583458652673,3.246940657247081,54
Vm_low_temp,TotSoilCarb,ocd,variance_explained,0.10786011710047175,0.0907035808908655,0.015325698790815601,0.027214748266848717,25.615928562504177,54
GDD,TotSoilCarb,ocd,variance_explained,0.10786011710047173,0.0907035808908655,0.015325698790815518,-3.915152421211563e-4,2.4008341590244537,54
Amax,NPP,ocd,variance_explained,0.10786011710047172,0.0907035808908655,0.015325698790815474,-0.005849290526819789,2.869029168252054,54
half_saturation_PAR,AbvGrndWood,ocd,elasticity,0.1078601171004717,0.0907035808908655,0.015325698790815518,6.786251931338281e-4,1.0357995700600466,54
leaf_turnover_rate,AbvGrndWood,ocd,variance_explained,0.10786011710047166,0.09070358089086539,0.01532569879081562,0.0019753209543439663,2.7126763277848656,54
root_respiration_rate,NPP,ocd,variance_explained,0.10786011710047166,0.09070358089086539,0.015325698790815639,0.004348916816037451,10.63597534541919,54
growth_resp_factor,NPP,ocd,elasticity,0.10786011710047151,0.09070358089086528,0.01532569879081568,7.168321363093979e-5,0.7838291363231843,54
dVpdExp,TotSoilCarb,ocd,variance_explained,0.10786011710047108,0.09070358089086483,0.015325698790815991,2.8718109774809945e-4,4.587887200565967,54
Vm_low_temp,TotSoilCarb,ocd,elasticity,0.10786011710047075,0.0907035808908645,0.015325698790817185,-1.3859326713895083e-5,1.0024294212794547,54
