runid,site_id,variable,category,Var_category,Var_total,Var_interaction,frac_of_total
0457344866426f5e200dc92fc2b1e303,0633a0f257ea79ca,AbvGrndWood,IC,-0.00209756794855159,0.015146455036992195,0.022933977430359555,-0.138485734346994
0457344866426f5e200dc92fc2b1e303,0633a0f257ea79ca,AbvGrndWood,driver,-4.19627570618433e-4,0.015146455036992195,0.022933977430359555,-0.0277046721225248
0457344866426f5e200dc92fc2b1e303,0633a0f257ea79ca,AbvGrndWood,dummy,0,0.015146455036992195,0.022933977430359555,0
0457344866426f5e200dc92fc2b1e303,0633a0f257ea79ca,AbvGrndWood,interaction,0.022933977430359555,0.015146455036992195,0.022933977430359555,1.5141481867768987
0457344866426f5e200dc92fc2b1e303,0633a0f257ea79ca,AbvGrndWood,parameter,-0.005270326874197337,0.015146455036992195,0.022933977430359555,-0.3479577803073798
0457344866426f5e200dc92fc2b1e303,0633a0f257ea79ca,NPP,IC,-6.9046004509143e-20,1.1136968760966544e-18,0,-0.0619971250625567
0457344866426f5e200dc92fc2b1e303,0633a0f257ea79ca,NPP,driver,1.363361204459209e-19,1.1136968760966544e-18,0,0.12241761952656201
0457344866426f5e200dc92fc2b1e303,0633a0f257ea79ca,NPP,dummy,0,1.1136968760966544e-18,0,0
0457344866426f5e200dc92fc2b1e303,0633a0f257ea79ca,NPP,interaction,0,1.1136968760966544e-18,0,0
0457344866426f5e200dc92fc2b1e303,0633a0f257ea79ca,NPP,parameter,2.0874531129806293e-18,1.1136968760966544e-18,0,1.874345845610027
0457344866426f5e200dc92fc2b1e303,0633a0f257ea79ca,Qle,IC,0.016010876112379106,0.08272593193635207,6.50809778430319,0.19354119968932598
0457344866426f5e200dc92fc2b1e303,0633a0f257ea79ca,Qle,driver,-7.054942341618128,0.08272593193635207,6.50809778430319,-85.2809049893337
0457344866426f5e200dc92fc2b1e303,0633a0f257ea79ca,Qle,dummy,0,0.08272593193635207,6.50809778430319,0
0457344866426f5e200dc92fc2b1e303,0633a0f257ea79ca,Qle,interaction,6.50809778430319,0.08272593193635207,6.50809778430319,78.67058891896691
0457344866426f5e200dc92fc2b1e303,0633a0f257ea79ca,Qle,parameter,0.6135596131389109,0.08272593193635207,6.50809778430319,7.416774870677472
0457344866426f5e200dc92fc2b1e303,0633a0f257ea79ca,SoilMoistFrac,IC,-1.427588836490297e-6,5.495219849378673e-5,0.0024374375633569993,-0.0259787392610272
0457344866426f5e200dc92fc2b1e303,0633a0f257ea79ca,SoilMoistFrac,driver,-0.0017906535501937219,5.495219849378673e-5,0.0024374375633569993,-32.5856580678239
0457344866426f5e200dc92fc2b1e303,0633a0f257ea79ca,SoilMoistFrac,dummy,0,5.495219849378673e-5,0.0024374375633569993,0
0457344866426f5e200dc92fc2b1e303,0633a0f257ea79ca,SoilMoistFrac,interaction,0.0024374375633569993,5.495219849378673e-5,0.0024374375633569993,44.35559686720437
0457344866426f5e200dc92fc2b1e303,0633a0f257ea79ca,SoilMoistFrac,parameter,-5.904042258330004e-4,5.495219849378673e-5,0.0024374375633569993,-10.743960060119443
0457344866426f5e200dc92fc2b1e303,0633a0f257ea79ca,TotSoilCarb,IC,0.3515907176227771,0.27033939437622756,0,1.30055302681293
0457344866426f5e200dc92fc2b1e303,0633a0f257ea79ca,TotSoilCarb,driver,0.028090767646294017,0.27033939437622756,0,0.103909264541743
0457344866426f5e200dc92fc2b1e303,0633a0f257ea79ca,TotSoilCarb,dummy,0,0.27033939437622756,0,0
0457344866426f5e200dc92fc2b1e303,0633a0f257ea79ca,TotSoilCarb,interaction,0,0.27033939437622756,0,0
0457344866426f5e200dc92fc2b1e303,0633a0f257ea79ca,TotSoilCarb,parameter,0.3442763440492107,0.27033939437622756,0,1.2734967644785284
082846665954a88897908f18fb03a1ae,bfee4301f7c99060,AbvGrndWood,IC,5.301156522052036e-5,0.008958601924133466,0.008974248373509882,0.00591739265450708
082846665954a88897908f18fb03a1ae,bfee4301f7c99060,AbvGrndWood,driver,5.790974086933207e-6,0.008958601924133466,0.008974248373509882,6.4641493572038e-4
082846665954a88897908f18fb03a1ae,bfee4301f7c99060,AbvGrndWood,dummy,0,0.008958601924133466,0.008974248373509882,0
082846665954a88897908f18fb03a1ae,bfee4301f7c99060,AbvGrndWood,interaction,0.008974248373509882,0.008958601924133466,0.008974248373509882,1.0017465280307039
082846665954a88897908f18fb03a1ae,bfee4301f7c99060,AbvGrndWood,parameter,-7.444898868386922e-5,0.008958601924133466,0.008974248373509882,-0.00831033562093121
082846665954a88897908f18fb03a1ae,bfee4301f7c99060,NPP,IC,1.8053540556679718e-20,1.7223688644010921e-18,0,0.0104818084730981
082846665954a88897908f18fb03a1ae,bfee4301f7c99060,NPP,driver,-7.526497095788989e-20,1.7223688644010921e-18,0,-0.04369852040031
082846665954a88897908f18fb03a1ae,bfee4301f7c99060,NPP,dummy,0,1.7223688644010921e-18,0,0
082846665954a88897908f18fb03a1ae,bfee4301f7c99060,NPP,interaction,0,1.7223688644010921e-18,0,0
082846665954a88897908f18fb03a1ae,bfee4301f7c99060,NPP,parameter,2.8603260526913337e-18,1.7223688644010921e-18,0,1.6606930790553602
082846665954a88897908f18fb03a1ae,bfee4301f7c99060,Qle,IC,-0.07637217015197652,0.0731096135409188,0,-1.04462554858441
082846665954a88897908f18fb03a1ae,bfee4301f7c99060,Qle,driver,-1.4745906823998676,0.0731096135409188,0,-20.1695866108573
082846665954a88897908f18fb03a1ae,bfee4301f7c99060,Qle,dummy,0,0.0731096135409188,0,0
082846665954a88897908f18fb03a1ae,bfee4301f7c99060,Qle,interaction,0,0.0731096135409188,0,0
082846665954a88897908f18fb03a1ae,bfee4301f7c99060,Qle,parameter,3.3193090135993235,0.0731096135409188,0,45.40181315199452
082846665954a88897908f18fb03a1ae,bfee4301f7c99060,SoilMoistFrac,IC,-3.0391846712188977e-5,2.048901704066897e-4,0.006993495855443815,-0.148332380474201
082846665954a88897908f18fb03a1ae,bfee4301f7c99060,SoilMoistFrac,driver,5.83580571392331e-4,2.048901704066897e-4,0.006993495855443815,2.84826046185609
082846665954a88897908f18fb03a1ae,bfee4301f7c99060,SoilMoistFrac,dummy,0,2.048901704066897e-4,0.006993495855443815,0
082846665954a88897908f18fb03a1ae,bfee4301f7c99060,SoilMoistFrac,interaction,0.006993495855443815,2.048901704066897e-4,0.006993495855443815,34.13290077099509
082846665954a88897908f18fb03a1ae,bfee4301f7c99060,SoilMoistFrac,parameter,-0.0073417944097172675,2.048901704066897e-4,0.006993495855443815,-35.832828852376984
082846665954a88897908f18fb03a1ae,bfee4301f7c99060,TotSoilCarb,IC,1.0443442781106196,4.498300942315526,1.9865321293857825,0.232164164092818
082846665954a88897908f18fb03a1ae,bfee4301f7c99060,TotSoilCarb,driver,1.8079036854008663e-5,4.498300942315526,1.9865321293857825,4.01908122329903e-6
082846665954a88897908f18fb03a1ae,bfee4301f7c99060,TotSoilCarb,dummy,0,4.498300942315526,1.9865321293857825,0
082846665954a88897908f18fb03a1ae,bfee4301f7c99060,TotSoilCarb,interaction,1.9865321293857825,4.498300942315526,1.9865321293857825,0.44161832542115426
082846665954a88897908f18fb03a1ae,bfee4301f7c99060,TotSoilCarb,parameter,1.4674064557822697,4.498300942315526,1.9865321293857825,0.3262134914048045
22a0e4594b9893e8564298414dfb88b6,59d94ec22335aba5,AbvGrndWood,IC,-0.16578550624826086,0.10152681304270486,0.29636670805549603,-1.63292337540948
22a0e4594b9893e8564298414dfb88b6,59d94ec22335aba5,AbvGrndWood,driver,5.5580261083617975e-5,0.10152681304270486,0.29636670805549603,5.474441619697e-4
22a0e4594b9893e8564298414dfb88b6,59d94ec22335aba5,AbvGrndWood,dummy,0,0.10152681304270486,0.29636670805549603,0
22a0e4594b9893e8564298414dfb88b6,59d94ec22335aba5,AbvGrndWood,interaction,0.29636670805549603,0.10152681304270486,0.29636670805549603,2.9190979128916057
22a0e4594b9893e8564298414dfb88b6,59d94ec22335aba5,AbvGrndWood,parameter,-0.029109969025613903,0.10152681304270486,0.29636670805549603,-0.2867219816440951
22a0e4594b9893e8564298414dfb88b6,59d94ec22335aba5,NPP,IC,-8.494125762628207e-18,1.060652087116921e-18,7.155032203353896e-18,-8.00839961171156
22a0e4594b9893e8564298414dfb88b6,59d94ec22335aba5,NPP,driver,-8.23762155122211e-20,1.060652087116921e-18,7.155032203353896e-18,-0.0776656327864656
22a0e4594b9893e8564298414dfb88b6,59d94ec22335aba5,NPP,dummy,0,1.060652087116921e-18,7.155032203353896e-18,0
22a0e4594b9893e8564298414dfb88b6,59d94ec22335aba5,NPP,interaction,7.155032203353896e-18,1.060652087116921e-18,7.155032203353896e-18,6.745880473212289
22a0e4594b9893e8564298414dfb88b6,59d94ec22335aba5,NPP,parameter,2.482121861903453e-18,1.060652087116921e-18,7.155032203353896e-18,2.3401847712857387
22a0e4594b9893e8564298414dfb88b6,59d94ec22335aba5,Qle,IC,0.09404817595247772,0.004668770619746392,0.09360238809366732,20.1440986530168
22a0e4594b9893e8564298414dfb88b6,59d94ec22335aba5,Qle,driver,-2.542832651546915,0.004668770619746392,0.09360238809366732,-544.647158460109
22a0e4594b9893e8564298414dfb88b6,59d94ec22335aba5,Qle,dummy,0,0.004668770619746392,0.09360238809366732,0
22a0e4594b9893e8564298414dfb88b6,59d94ec22335aba5,Qle,interaction,0.09360238809366732,0.004668770619746392,0.09360238809366732,20.0486157314689
22a0e4594b9893e8564298414dfb88b6,59d94ec22335aba5,Qle,parameter,2.359850858120516,0.004668770619746392,0.09360238809366732,505.45444407562337
22a0e4594b9893e8564298414dfb88b6,59d94ec22335aba5,SoilMoistFrac,IC,4.068798656578494e-6,1.3693403198371586e-5,0.001542343677873614,0.297135678956883
22a0e4594b9893e8564298414dfb88b6,59d94ec22335aba5,SoilMoistFrac,driver,2.0731227661479397e-4,1.3693403198371586e-5,0.001542343677873614,15.1395729470266
22a0e4594b9893e8564298414dfb88b6,59d94ec22335aba5,SoilMoistFrac,dummy,0,1.3693403198371586e-5,0.001542343677873614,0
22a0e4594b9893e8564298414dfb88b6,59d94ec22335aba5,SoilMoistFrac,interaction,0.001542343677873614,1.3693403198371586e-5,0.001542343677873614,112.63406587319571
22a0e4594b9893e8564298414dfb88b6,59d94ec22335aba5,SoilMoistFrac,parameter,-0.001740031349946615,1.3693403198371586e-5,0.001542343677873614,-127.07077449917921
22a0e4594b9893e8564298414dfb88b6,59d94ec22335aba5,TotSoilCarb,IC,-1.002197545247972,0.08937961806743999,0.4936527853366366,-11.212819733597202
22a0e4594b9893e8564298414dfb88b6,59d94ec22335aba5,TotSoilCarb,driver,0.00543983691556684,0.08937961806743999,0.4936527853366366,0.0608621633565529
22a0e4594b9893e8564298414dfb88b6,59d94ec22335aba5,TotSoilCarb,dummy,0,0.08937961806743999,0.4936527853366366,0
22a0e4594b9893e8564298414dfb88b6,59d94ec22335aba5,TotSoilCarb,interaction,0.4936527853366366,0.08937961806743999,0.4936527853366366,5.5231024254786885
22a0e4594b9893e8564298414dfb88b6,59d94ec22335aba5,TotSoilCarb,parameter,0.5924845410632087,0.08937961806743999,0.4936527853366366,6.62885514476196
39089dd38f528ba464d64746b7334494,3109e15b126d31ab,AbvGrndWood,IC,-0.06198467968057739,0.4032908871344872,0.49489194816789295,-0.15369719886556
39089dd38f528ba464d64746b7334494,3109e15b126d31ab,AbvGrndWood,driver,-2.680907950522478e-4,0.4032908871344872,0.49489194816789295,-6.6475787974561e-4
39089dd38f528ba464d64746b7334494,3109e15b126d31ab,AbvGrndWood,dummy,0,0.4032908871344872,0.49489194816789295,0
39089dd38f528ba464d64746b7334494,3109e15b126d31ab,AbvGrndWood,interaction,0.49489194816789295,0.4032908871344872,0.49489194816789295,1.2271339719185352
39089dd38f528ba464d64746b7334494,3109e15b126d31ab,AbvGrndWood,parameter,-0.029348290557776144,0.4032908871344872,0.49489194816789295,-0.07277201517322963
39089dd38f528ba464d64746b7334494,3109e15b126d31ab,NPP,IC,-5.306363471236302e-19,1.6746062798087525e-19,4.846240390216359e-22,-3.1687230217734004
39089dd38f528ba464d64746b7334494,3109e15b126d31ab,NPP,driver,2.3491020638926538e-20,1.6746062798087525e-19,4.846240390216359e-22,0.140277872609013
39089dd38f528ba464d64746b7334494,3109e15b126d31ab,NPP,dummy,0,1.6746062798087525e-19,4.846240390216359e-22,0
39089dd38f528ba464d64746b7334494,3109e15b126d31ab,NPP,interaction,4.846240390216359e-22,1.6746062798087525e-19,4.846240390216359e-22,0.0028939580895216885
39089dd38f528ba464d64746b7334494,3109e15b126d31ab,NPP,parameter,6.741213304265573e-19,1.6746062798087525e-19,4.846240390216359e-22,4.025551191074865
39089dd38f528ba464d64746b7334494,3109e15b126d31ab,Qle,IC,0.002644101019605604,5.98430303441909e-4,0,4.41839426312119
39089dd38f528ba464d64746b7334494,3109e15b126d31ab,Qle,driver,0.21354629184838195,5.98430303441909e-4,0,356.844047870165
39089dd38f528ba464d64746b7334494,3109e15b126d31ab,Qle,dummy,0,5.98430303441909e-4,0,0
39089dd38f528ba464d64746b7334494,3109e15b126d31ab,Qle,interaction,0,5.98430303441909e-4,0,0
39089dd38f528ba464d64746b7334494,3109e15b126d31ab,Qle,parameter,0.0021788506859922213,5.98430303441909e-4,0,3.640943103082224
39089dd38f528ba464d64746b7334494,3109e15b126d31ab,SoilMoistFrac,IC,-2.055539452185032e-5,1.1375502704097197e-6,0,-18.0698779267546
39089dd38f528ba464d64746b7334494,3109e15b126d31ab,SoilMoistFrac,driver,6.095682981856476e-4,1.1375502704097197e-6,0,535.860536489605
39089dd38f528ba464d64746b7334494,3109e15b126d31ab,SoilMoistFrac,dummy,0,1.1375502704097197e-6,0,0
39089dd38f528ba464d64746b7334494,3109e15b126d31ab,SoilMoistFrac,interaction,0,1.1375502704097197e-6,0,0
39089dd38f528ba464d64746b7334494,3109e15b126d31ab,SoilMoistFrac,parameter,9.672518041837719e-4,1.1375502704097197e-6,0,850.2936787447554
39089dd38f528ba464d64746b7334494,3109e15b126d31ab,TotSoilCarb,IC,-0.7569124179880594,0.19316811200861952,0.8296904275648674,-3.91841287942124
39089dd38f528ba464d64746b7334494,3109e15b126d31ab,TotSoilCarb,driver,-0.005819144179599352,0.19316811200861952,0.8296904275648674,-0.0301247660345704
39089dd38f528ba464d64746b7334494,3109e15b126d31ab,TotSoilCarb,dummy,0,0.19316811200861952,0.8296904275648674,0
39089dd38f528ba464d64746b7334494,3109e15b126d31ab,TotSoilCarb,interaction,0.8296904275648674,0.19316811200861952,0.8296904275648674,4.295172836435059
39089dd38f528ba464d64746b7334494,3109e15b126d31ab,TotSoilCarb,parameter,0.12620924661141084,0.19316811200861952,0.8296904275648674,0.6533648090207516
4c95254f38c2a019009aee04f0a63846,2c9f5faf24bff9fd,AbvGrndWood,IC,7.124705667780803e-6,5.88437904187781e-6,0,1.21078292494006
4c95254f38c2a019009aee04f0a63846,2c9f5faf24bff9fd,AbvGrndWood,driver,6.829808157805394e-7,5.88437904187781e-6,0,0.116066760981901
4c95254f38c2a019009aee04f0a63846,2c9f5faf24bff9fd,AbvGrndWood,dummy,0,5.88437904187781e-6,0,0
4c95254f38c2a019009aee04f0a63846,2c9f5faf24bff9fd,AbvGrndWood,interaction,0,5.88437904187781e-6,0,0
4c95254f38c2a019009aee04f0a63846,2c9f5faf24bff9fd,AbvGrndWood,parameter,1.9315714875363428e-5,5.88437904187781e-6,0,3.282540899880481
4c95254f38c2a019009aee04f0a63846,2c9f5faf24bff9fd,NPP,IC,6.18712530940373e-21,1.564409157686081e-18,0,0.00395492782626964
4c95254f38c2a019009aee04f0a63846,2c9f5faf24bff9fd,NPP,driver,6.65847276830038e-20,1.564409157686081e-18,0,0.0425622206031377
4c95254f38c2a019009aee04f0a63846,2c9f5faf24bff9fd,NPP,dummy,0,1.564409157686081e-18,0,0
4c95254f38c2a019009aee04f0a63846,2c9f5faf24bff9fd,NPP,interaction,0,1.564409157686081e-18,0,0
4c95254f38c2a019009aee04f0a63846,2c9f5faf24bff9fd,NPP,parameter,5.74731507978277e-18,1.564409157686081e-18,0,3.673792787229416
4c95254f38c2a019009aee04f0a63846,2c9f5faf24bff9fd,Qle,IC,0.0013006472928200727,0.04830799184202827,0,0.0269240604551171
4c95254f38c2a019009aee04f0a63846,2c9f5faf24bff9fd,Qle,driver,-1.3313490621451465,0.04830799184202827,0,-27.5596026947008
4c95254f38c2a019009aee04f0a63846,2c9f5faf24bff9fd,Qle,dummy,0,0.04830799184202827,0,0
4c95254f38c2a019009aee04f0a63846,2c9f5faf24bff9fd,Qle,interaction,0,0.04830799184202827,0,0
4c95254f38c2a019009aee04f0a63846,2c9f5faf24bff9fd,Qle,parameter,3.190870151669111,0.04830799184202827,0,66.0526349781535
4c95254f38c2a019009aee04f0a63846,2c9f5faf24bff9fd,SoilMoistFrac,IC,3.3282969448251137e-6,2.2755104080962135e-4,0.006741322257036476,0.0146265951277705
4c95254f38c2a019009aee04f0a63846,2c9f5faf24bff9fd,SoilMoistFrac,driver,2.3849686447951194e-4,2.2755104080962135e-4,0.006741322257036476,1.0481027185415
4c95254f38c2a019009aee04f0a63846,2c9f5faf24bff9fd,SoilMoistFrac,dummy,0,2.2755104080962135e-4,0.006741322257036476,0
4c95254f38c2a019009aee04f0a63846,2c9f5faf24bff9fd,SoilMoistFrac,interaction,0.006741322257036476,2.2755104080962135e-4,0.006741322257036476,29.625539101253974
4c95254f38c2a019009aee04f0a63846,2c9f5faf24bff9fd,SoilMoistFrac,parameter,-0.0067555963776511916,2.2755104080962135e-4,0.006741322257036476,-29.688268414923243
4c95254f38c2a019009aee04f0a63846,2c9f5faf24bff9fd,TotSoilCarb,IC,-1.169489610203767,1.295913449901003,1.7305578795865402,-0.902444225957456
4c95254f38c2a019009aee04f0a63846,2c9f5faf24bff9fd,TotSoilCarb,driver,-6.825330041158498e-4,1.295913449901003,1.7305578795865402,-5.2668100957513e-4
4c95254f38c2a019009aee04f0a63846,2c9f5faf24bff9fd,TotSoilCarb,dummy,0,1.295913449901003,1.7305578795865402,0
4c95254f38c2a019009aee04f0a63846,2c9f5faf24bff9fd,TotSoilCarb,interaction,1.7305578795865402,1.295913449901003,1.7305578795865402,1.335396186928024
4c95254f38c2a019009aee04f0a63846,2c9f5faf24bff9fd,TotSoilCarb,parameter,0.7355277135223458,1.295913449901003,1.7305578795865402,0.5675747200390072
7e6fa2fdadae385ed171e2b09c2fd718,e07417e56c78efbc,AbvGrndWood,IC,-1.6712464890370375e-6,1.7184219995084165e-6,2.738665506270786e-6,-0.972547191269156
7e6fa2fdadae385ed171e2b09c2fd718,e07417e56c78efbc,AbvGrndWood,driver,8.046732561717185e-8,1.7184219995084165e-6,2.738665506270786e-6,0.0468262892585121
7e6fa2fdadae385ed171e2b09c2fd718,e07417e56c78efbc,AbvGrndWood,dummy,0,1.7184219995084165e-6,2.738665506270786e-6,0
7e6fa2fdadae385ed171e2b09c2fd718,e07417e56c78efbc,AbvGrndWood,interaction,2.738665506270786e-6,1.7184219995084165e-6,2.738665506270786e-6,1.593709523652646
7e6fa2fdadae385ed171e2b09c2fd718,e07417e56c78efbc,AbvGrndWood,parameter,5.705356566574962e-7,1.7184219995084165e-6,2.738665506270786e-6,0.33201137835799793
7e6fa2fdadae385ed171e2b09c2fd718,e07417e56c78efbc,NPP,IC,-3.773118827476908e-20,3.3643410696302213e-18,0,-0.0112150306683728
7e6fa2fdadae385ed171e2b09c2fd718,e07417e56c78efbc,NPP,driver,-5.999069331726993e-20,3.3643410696302213e-18,0,-0.0178313351933321
7e6fa2fdadae385ed171e2b09c2fd718,e07417e56c78efbc,NPP,dummy,0,3.3643410696302213e-18,0,0
7e6fa2fdadae385ed171e2b09c2fd718,e07417e56c78efbc,NPP,interaction,0,3.3643410696302213e-18,0,0
7e6fa2fdadae385ed171e2b09c2fd718,e07417e56c78efbc,NPP,parameter,1.8870447998790296e-17,3.3643410696302213e-18,0,5.608958071799887
7e6fa2fdadae385ed171e2b09c2fd718,e07417e56c78efbc,Qle,IC,-0.038178386737149135,0.009600800784824252,0,-3.97658357805911
7e6fa2fdadae385ed171e2b09c2fd718,e07417e56c78efbc,Qle,driver,0.5285391216779284,0.009600800784824252,0,55.0515663769815
7e6fa2fdadae385ed171e2b09c2fd718,e07417e56c78efbc,Qle,dummy,0,0.009600800784824252,0,0
7e6fa2fdadae385ed171e2b09c2fd718,e07417e56c78efbc,Qle,interaction,0,0.009600800784824252,0,0
7e6fa2fdadae385ed171e2b09c2fd718,e07417e56c78efbc,Qle,parameter,0.3755672402839809,0.009600800784824252,0,39.118324471186895
7e6fa2fdadae385ed171e2b09c2fd718,e07417e56c78efbc,SoilMoistFrac,IC,-3.887469751363835e-5,2.8981836537009354e-6,7.991668457939025e-4,-13.413469316893002
7e6fa2fdadae385ed171e2b09c2fd718,e07417e56c78efbc,SoilMoistFrac,driver,9.322380705366125e-4,2.8981836537009354e-6,7.991668457939025e-4,321.662869551472
7e6fa2fdadae385ed171e2b09c2fd718,e07417e56c78efbc,SoilMoistFrac,dummy,0,2.8981836537009354e-6,7.991668457939025e-4,0
7e6fa2fdadae385ed171e2b09c2fd718,e07417e56c78efbc,SoilMoistFrac,interaction,7.991668457939025e-4,2.8981836537009354e-6,7.991668457939025e-4,275.7474823147867
7e6fa2fdadae385ed171e2b09c2fd718,e07417e56c78efbc,SoilMoistFrac,parameter,-0.0016896320351631757,2.8981836537009354e-6,7.991668457939025e-4,-582.9968825493656
7e6fa2fdadae385ed171e2b09c2fd718,e07417e56c78efbc,TotSoilCarb,IC,6.078086629920492,1.9946304870639215,0,3.04722437029797
7e6fa2fdadae385ed171e2b09c2fd718,e07417e56c78efbc,TotSoilCarb,driver,-1.8711056184773881e-4,1.9946304870639215,0,-9.38071302234851e-5
7e6fa2fdadae385ed171e2b09c2fd718,e07417e56c78efbc,TotSoilCarb,dummy,0,1.9946304870639215,0,0
7e6fa2fdadae385ed171e2b09c2fd718,e07417e56c78efbc,TotSoilCarb,interaction,0,1.9946304870639215,0,0
7e6fa2fdadae385ed171e2b09c2fd718,e07417e56c78efbc,TotSoilCarb,parameter,0.46232799841858385,1.9946304870639215,0,0.2317862889477472
afc6188434cf40287da26467d94c54a7,dc9179b07c8ed8a7,AbvGrndWood,IC,-3.081525648793037e-7,5.622123959737087e-7,8.89054116409287e-7,-0.548107026963728
afc6188434cf40287da26467d94c54a7,dc9179b07c8ed8a7,AbvGrndWood,driver,-3.235749243195205e-9,5.622123959737087e-7,8.89054116409287e-7,-0.00575538580502327
afc6188434cf40287da26467d94c54a7,dc9179b07c8ed8a7,AbvGrndWood,dummy,0,5.622123959737087e-7,8.89054116409287e-7,0
afc6188434cf40287da26467d94c54a7,dc9179b07c8ed8a7,AbvGrndWood,interaction,8.89054116409287e-7,5.622123959737087e-7,8.89054116409287e-7,1.5813491889831308
afc6188434cf40287da26467d94c54a7,dc9179b07c8ed8a7,AbvGrndWood,parameter,-1.5453406313079497e-8,5.622123959737087e-7,8.89054116409287e-7,-0.02748677621437959
afc6188434cf40287da26467d94c54a7,dc9179b07c8ed8a7,NPP,IC,-5.638461403877314e-20,2.1012784252338325e-18,0,-0.026833480685691902
afc6188434cf40287da26467d94c54a7,dc9179b07c8ed8a7,NPP,driver,-2.96508742854498e-20,2.1012784252338325e-18,0,-0.0141108736135956
afc6188434cf40287da26467d94c54a7,dc9179b07c8ed8a7,NPP,dummy,0,2.1012784252338325e-18,0,0
afc6188434cf40287da26467d94c54a7,dc9179b07c8ed8a7,NPP,interaction,0,2.1012784252338325e-18,0,0
afc6188434cf40287da26467d94c54a7,dc9179b07c8ed8a7,NPP,parameter,9.469178534270527e-18,2.1012784252338325e-18,0,4.5063892631062386
afc6188434cf40287da26467d94c54a7,dc9179b07c8ed8a7,Qle,IC,0.05168343118509722,0.001163608986183837,0,44.416493683671
afc6188434cf40287da26467d94c54a7,dc9179b07c8ed8a7,Qle,driver,0.35986131246281694,0.001163608986183837,0,309.263091584584
afc6188434cf40287da26467d94c54a7,dc9179b07c8ed8a7,Qle,dummy,0,0.001163608986183837,0,0
afc6188434cf40287da26467d94c54a7,dc9179b07c8ed8a7,Qle,interaction,0,0.001163608986183837,0,0
afc6188434cf40287da26467d94c54a7,dc9179b07c8ed8a7,Qle,parameter,0.3660534970595876,0.001163608986183837,0,314.584625424812
afc6188434cf40287da26467d94c54a7,dc9179b07c8ed8a7,SoilMoistFrac,IC,1.0137177304010037e-5,3.539193111412567e-6,3.3145529613317503e-4,2.8642622724715
afc6188434cf40287da26467d94c54a7,dc9179b07c8ed8a7,SoilMoistFrac,driver,-9.588123763865838e-5,3.539193111412567e-6,3.3145529613317503e-4,-27.0912704168296
afc6188434cf40287da26467d94c54a7,dc9179b07c8ed8a7,SoilMoistFrac,dummy,0,3.539193111412567e-6,3.3145529613317503e-4,0
afc6188434cf40287da26467d94c54a7,dc9179b07c8ed8a7,SoilMoistFrac,interaction,3.3145529613317503e-4,3.539193111412567e-6,3.3145529613317503e-4,93.65278629876295
afc6188434cf40287da26467d94c54a7,dc9179b07c8ed8a7,SoilMoistFrac,parameter,-2.4217204268711415e-4,3.539193111412567e-6,3.3145529613317503e-4,-68.42577815440485
afc6188434cf40287da26467d94c54a7,dc9179b07c8ed8a7,TotSoilCarb,IC,-8.742919453252416,20.84948530543586,26.965688465193796,-0.41933502554967
afc6188434cf40287da26467d94c54a7,dc9179b07c8ed8a7,TotSoilCarb,driver,-0.06931753253608243,20.84948530543586,26.965688465193796,-0.00332466396750859
afc6188434cf40287da26467d94c54a7,dc9179b07c8ed8a7,TotSoilCarb,dummy,0,20.84948530543586,26.965688465193796,0
afc6188434cf40287da26467d94c54a7,dc9179b07c8ed8a7,TotSoilCarb,interaction,26.965688465193796,20.84948530543586,26.965688465193796,1.2933503187324882
afc6188434cf40287da26467d94c54a7,dc9179b07c8ed8a7,TotSoilCarb,parameter,2.69603382603056,20.84948530543586,26.965688465193796,0.1293093707846904
bb523eef65a549b58d61393d57c00566,b3ed7ece68eabba6,AbvGrndWood,IC,1.1143466792255583,0.24838417304140945,0,4.48638359514066
bb523eef65a549b58d61393d57c00566,b3ed7ece68eabba6,AbvGrndWood,driver,-0.00898781978650574,0.24838417304140945,0,-0.0361851549414436
bb523eef65a549b58d61393d57c00566,b3ed7ece68eabba6,AbvGrndWood,dummy,0,0.24838417304140945,0,0
bb523eef65a549b58d61393d57c00566,b3ed7ece68eabba6,AbvGrndWood,interaction,0,0.24838417304140945,0,0
bb523eef65a549b58d61393d57c00566,b3ed7ece68eabba6,AbvGrndWood,parameter,-0.12500473409989907,0.24838417304140945,0,-0.5032717365573002
bb523eef65a549b58d61393d57c00566,b3ed7ece68eabba6,NPP,IC,4.7807420361532994e-18,3.675145503310755e-18,0,1.30083068326045
bb523eef65a549b58d61393d57c00566,b3ed7ece68eabba6,NPP,driver,3.5932107551204287e-19,3.675145503310755e-18,0,0.0977705713116252
bb523eef65a549b58d61393d57c00566,b3ed7ece68eabba6,NPP,dummy,0,3.675145503310755e-18,0,0
bb523eef65a549b58d61393d57c00566,b3ed7ece68eabba6,NPP,interaction,0,3.675145503310755e-18,0,0
bb523eef65a549b58d61393d57c00566,b3ed7ece68eabba6,NPP,parameter,5.483761767075725e-18,3.675145503310755e-18,0,1.4921209955185932
bb523eef65a549b58d61393d57c00566,b3ed7ece68eabba6,Qle,IC,-0.23673573562979414,0.08582113690003289,6.782740279308184,-2.75847820456575
bb523eef65a549b58d61393d57c00566,b3ed7ece68eabba6,Qle,driver,-7.022503721871918,0.08582113690003289,6.782740279308184,-81.8272045271545
bb523eef65a549b58d61393d57c00566,b3ed7ece68eabba6,Qle,dummy,0,0.08582113690003289,6.782740279308184,0
bb523eef65a549b58d61393d57c00566,b3ed7ece68eabba6,Qle,interaction,6.782740279308184,0.08582113690003289,6.782740279308184,79.03344705406234
bb523eef65a549b58d61393d57c00566,b3ed7ece68eabba6,Qle,parameter,0.5623203150935611,0.08582113690003289,6.782740279308184,6.552235677657931
bb523eef65a549b58d61393d57c00566,b3ed7ece68eabba6,SoilMoistFrac,IC,2.088744475216005e-5,5.353625041366113e-5,0.0023206357345381427,0.390155167587719
bb523eef65a549b58d61393d57c00566,b3ed7ece68eabba6,SoilMoistFrac,driver,-0.0017350250361387817,5.353625041366113e-5,0.0023206357345381427,-32.408415283713
bb523eef65a549b58d61393d57c00566,b3ed7ece68eabba6,SoilMoistFrac,dummy,0,5.353625041366113e-5,0.0023206357345381427,0
bb523eef65a549b58d61393d57c00566,b3ed7ece68eabba6,SoilMoistFrac,interaction,0.0023206357345381427,5.353625041366113e-5,0.0023206357345381427,43.34699790529173
bb523eef65a549b58d61393d57c00566,b3ed7ece68eabba6,SoilMoistFrac,parameter,-5.529618927378602e-4,5.353625041366113e-5,0.0023206357345381427,-10.32873778916646
bb523eef65a549b58d61393d57c00566,b3ed7ece68eabba6,TotSoilCarb,IC,1.1920909024130553,2.308652599279087,0,0.516357854267595
bb523eef65a549b58d61393d57c00566,b3ed7ece68eabba6,TotSoilCarb,driver,0.18486384109709425,2.308652599279087,0,0.080074343430805
bb523eef65a549b58d61393d57c00566,b3ed7ece68eabba6,TotSoilCarb,dummy,0,2.308652599279087,0,0
bb523eef65a549b58d61393d57c00566,b3ed7ece68eabba6,TotSoilCarb,interaction,0,2.308652599279087,0,0
bb523eef65a549b58d61393d57c00566,b3ed7ece68eabba6,TotSoilCarb,parameter,1.0078267650125063,2.308652599279087,0,0.436543274344185
bfc26ac6b3ec58ff6ee9c6cb68ca7d67,629195fe5cadee05,AbvGrndWood,IC,-5.542941036867355e-6,0.0057347304104384735,0.005743407593970072,-9.6655651445759e-4
bfc26ac6b3ec58ff6ee9c6cb68ca7d67,629195fe5cadee05,AbvGrndWood,driver,1.2505203253924162e-7,0.0057347304104384735,0.005743407593970072,2.1806087398915796e-5
bfc26ac6b3ec58ff6ee9c6cb68ca7d67,629195fe5cadee05,AbvGrndWood,dummy,0,0.0057347304104384735,0.005743407593970072,0
bfc26ac6b3ec58ff6ee9c6cb68ca7d67,629195fe5cadee05,AbvGrndWood,interaction,0.005743407593970072,0.0057347304104384735,0.005743407593970072,1.0015130935389402
bfc26ac6b3ec58ff6ee9c6cb68ca7d67,629195fe5cadee05,AbvGrndWood,parameter,-3.2592945272703492e-6,0.0057347304104384735,0.005743407593970072,-5.68343111881548e-4
bfc26ac6b3ec58ff6ee9c6cb68ca7d67,629195fe5cadee05,NPP,IC,-5.872588378191128e-20,2.3279560962363517e-18,0,-0.0252263708395766
bfc26ac6b3ec58ff6ee9c6cb68ca7d67,629195fe5cadee05,NPP,driver,-2.7424496113901024e-20,2.3279560962363517e-18,0,-0.011780504004452103
bfc26ac6b3ec58ff6ee9c6cb68ca7d67,629195fe5cadee05,NPP,dummy,0,2.3279560962363517e-18,0,0
bfc26ac6b3ec58ff6ee9c6cb68ca7d67,629195fe5cadee05,NPP,interaction,0,2.3279560962363517e-18,0,0
bfc26ac6b3ec58ff6ee9c6cb68ca7d67,629195fe5cadee05,NPP,parameter,7.94592260039334e-18,2.3279560962363517e-18,0,3.41326136400925
bfc26ac6b3ec58ff6ee9c6cb68ca7d67,629195fe5cadee05,Qle,IC,-0.07468257206669307,0.0013090015478517793,0.7121199314290447,-57.0530815561339
bfc26ac6b3ec58ff6ee9c6cb68ca7d67,629195fe5cadee05,Qle,driver,-0.8491116139762852,0.0013090015478517793,0.7121199314290447,-648.671206974334
bfc26ac6b3ec58ff6ee9c6cb68ca7d67,629195fe5cadee05,Qle,dummy,0,0.0013090015478517793,0.7121199314290447,0
bfc26ac6b3ec58ff6ee9c6cb68ca7d67,629195fe5cadee05,Qle,interaction,0.7121199314290447,0.0013090015478517793,0.7121199314290447,544.0176389384067
bfc26ac6b3ec58ff6ee9c6cb68ca7d67,629195fe5cadee05,Qle,parameter,0.2129832561617853,0.0013090015478517793,0.7121199314290447,162.70664959206127
bfc26ac6b3ec58ff6ee9c6cb68ca7d67,629195fe5cadee05,SoilMoistFrac,IC,-1.1902645642103089e-5,2.8222547247521485e-6,1.9208962606152938e-4,-4.21742429473597
bfc26ac6b3ec58ff6ee9c6cb68ca7d67,629195fe5cadee05,SoilMoistFrac,driver,-7.384186161073615e-5,2.8222547247521485e-6,1.9208962606152938e-4,-26.1641378303374
bfc26ac6b3ec58ff6ee9c6cb68ca7d67,629195fe5cadee05,SoilMoistFrac,dummy,0,2.8222547247521485e-6,1.9208962606152938e-4,0
bfc26ac6b3ec58ff6ee9c6cb68ca7d67,629195fe5cadee05,SoilMoistFrac,interaction,1.9208962606152938e-4,2.8222547247521485e-6,1.9208962606152938e-4,68.06246947762618
bfc26ac6b3ec58ff6ee9c6cb68ca7d67,629195fe5cadee05,SoilMoistFrac,parameter,-1.03522864083938e-4,2.8222547247521485e-6,1.9208962606152938e-4,-36.680907352552815
bfc26ac6b3ec58ff6ee9c6cb68ca7d67,629195fe5cadee05,TotSoilCarb,IC,14.402348510514898,4.647290216101782,0,3.0990852390957
bfc26ac6b3ec58ff6ee9c6cb68ca7d67,629195fe5cadee05,TotSoilCarb,driver,0.030031271246377153,4.647290216101782,0,0.0064621036883657
bfc26ac6b3ec58ff6ee9c6cb68ca7d67,629195fe5cadee05,TotSoilCarb,dummy,0,4.647290216101782,0,0
bfc26ac6b3ec58ff6ee9c6cb68ca7d67,629195fe5cadee05,TotSoilCarb,interaction,0,4.647290216101782,0,0
bfc26ac6b3ec58ff6ee9c6cb68ca7d67,629195fe5cadee05,TotSoilCarb,parameter,1.4927861988683886,4.647290216101782,0,0.3212164787333984
cbb940600bee116ac68980e32f160f5d,9c19b1bcbd391e00,AbvGrndWood,IC,-0.0017422752828253818,0.37146409683389814,0.3750062523662259,-0.00469029254152777
cbb940600bee116ac68980e32f160f5d,9c19b1bcbd391e00,AbvGrndWood,driver,2.7588032970577387e-5,0.37146409683389814,0.3750062523662259,7.4268369960162e-5
cbb940600bee116ac68980e32f160f5d,9c19b1bcbd391e00,AbvGrndWood,dummy,0,0.37146409683389814,0.3750062523662259,0
cbb940600bee116ac68980e32f160f5d,9c19b1bcbd391e00,AbvGrndWood,interaction,0.3750062523662259,0.37146409683389814,0.3750062523662259,1.0095356605457126
cbb940600bee116ac68980e32f160f5d,9c19b1bcbd391e00,AbvGrndWood,parameter,-0.0018274682824729995,0.37146409683389814,0.3750062523662259,-0.004919636374145091
cbb940600bee116ac68980e32f160f5d,9c19b1bcbd391e00,NPP,IC,-1.7734202073427343e-18,1.5586906980874535e-17,0,-0.113776274505183
cbb940600bee116ac68980e32f160f5d,9c19b1bcbd391e00,NPP,driver,-7.976041268903625e-20,1.5586906980874535e-17,0,-0.00511714176436056
cbb940600bee116ac68980e32f160f5d,9c19b1bcbd391e00,NPP,dummy,0,1.5586906980874535e-17,0,0
cbb940600bee116ac68980e32f160f5d,9c19b1bcbd391e00,NPP,interaction,0,1.5586906980874535e-17,0,0
cbb940600bee116ac68980e32f160f5d,9c19b1bcbd391e00,NPP,parameter,5.94200161399142e-17,1.5586906980874535e-17,0,3.8121749371330576
cbb940600bee116ac68980e32f160f5d,9c19b1bcbd391e00,Qle,IC,-0.27772896978283795,0.011310622110436541,0,-24.5547032754787
cbb940600bee116ac68980e32f160f5d,9c19b1bcbd391e00,Qle,driver,0.5084155744234968,0.011310622110436541,0,44.95027501222691
cbb940600bee116ac68980e32f160f5d,9c19b1bcbd391e00,Qle,dummy,0,0.011310622110436541,0,0
cbb940600bee116ac68980e32f160f5d,9c19b1bcbd391e00,Qle,interaction,0,0.011310622110436541,0,0
cbb940600bee116ac68980e32f160f5d,9c19b1bcbd391e00,Qle,parameter,0.0964116493098113,0.011310622110436541,0,8.523991728169428
cbb940600bee116ac68980e32f160f5d,9c19b1bcbd391e00,SoilMoistFrac,IC,-8.236433429442902e-5,3.4432164737503317e-6,4.332460609344355e-4,-23.9207540165833
cbb940600bee116ac68980e32f160f5d,9c19b1bcbd391e00,SoilMoistFrac,driver,1.867027954645311e-5,3.4432164737503317e-6,4.332460609344355e-4,5.42233684370055
cbb940600bee116ac68980e32f160f5d,9c19b1bcbd391e00,SoilMoistFrac,dummy,0,3.4432164737503317e-6,4.332460609344355e-4,0
cbb940600bee116ac68980e32f160f5d,9c19b1bcbd391e00,SoilMoistFrac,interaction,4.332460609344355e-4,3.4432164737503317e-6,4.332460609344355e-4,125.82597238289416
cbb940600bee116ac68980e32f160f5d,9c19b1bcbd391e00,SoilMoistFrac,parameter,-3.6610878971270926e-4,3.4432164737503317e-6,4.332460609344355e-4,-106.32755521001143
cbb940600bee116ac68980e32f160f5d,9c19b1bcbd391e00,TotSoilCarb,IC,-1.5127143634584286,3.4233229828864205,4.571174472153572,-0.441884791771229
cbb940600bee116ac68980e32f160f5d,9c19b1bcbd391e00,TotSoilCarb,driver,-1.041796320243566e-4,3.4233229828864205,4.571174472153572,-3.0432311688135296e-5
cbb940600bee116ac68980e32f160f5d,9c19b1bcbd391e00,TotSoilCarb,dummy,0,3.4233229828864205,4.571174472153572,0
cbb940600bee116ac68980e32f160f5d,9c19b1bcbd391e00,TotSoilCarb,interaction,4.571174472153572,3.4233229828864205,4.571174472153572,1.3353032988722922
cbb940600bee116ac68980e32f160f5d,9c19b1bcbd391e00,TotSoilCarb,parameter,0.36496705382330097,3.4233229828864205,4.571174472153572,0.10661192521062507
