response_var,parameter,mean_frac,median_frac,sd_frac,n_sites
AbvGrndWood,Vm_low_temp,0.07154500552246935,-0.0045816005863046055,0.3115356857866234,10
AbvGrndWood,psnTOpt,0.030092269567316473,-7.268799685234224e-4,0.10297596233302024,10
AbvGrndWood,wood_turnover_rate,0.020833202265397435,-1.5460654319938419e-4,0.04653416729409418,5
AbvGrndWood,wood_allocation_fraction,0.020248462887635345,-1.5026709827312284e-4,0.04522806179568886,5
AbvGrndWood,root_allocation_fraction,0.019499885780251813,-1.4471178721645487e-4,0.043555999483627886,5
AbvGrndWood,stem_respiration_rate,0.018287202927765204,-8.644010826216666e-4,0.07237659217904854,10
AbvGrndWood,extinction_coefficient,0.017119285637732004,-3.326694963806167e-4,0.055945524115131866,10
AbvGrndWood,root_turnover_rate,0.01454064672699359,-2.056321635036185e-4,0.046820388809783835,10
AbvGrndWood,half_saturation_PAR,0.0111921606357409,-0.0010093580285407786,0.05575810810795832,10
AbvGrndWood,root_respiration_rate,0.009923533664099865,-2.07688407672998e-4,0.033059460181690925,10
AbvGrndWood,GDD,0.007676288174305029,-0.0011370383672177342,0.0491039471117672,10
AbvGrndWood,leafC,0.006333912138558961,-3.095092717414119e-4,0.025305922107316435,10
AbvGrndWood,leaf_respiration_rate_m2,0.006170521818369503,-4.2475188674702966e-4,0.02757486193883856,10
AbvGrndWood,wueConst,0.004633458995815221,-3.43856440922149e-5,0.010349544602641904,5
AbvGrndWood,coarse_root_respiration_Q10,0.004027979478327375,-3.777374325315895e-4,0.020417097116649588,10
AbvGrndWood,SLA,0.0033355526775876803,-4.868056580386531e-4,0.021158091928261426,10
AbvGrndWood,growth_resp_factor,0.002427517635705176,-3.6121943073582323e-4,0.015568982645597895,10
AbvGrndWood,fine_root_respiration_Q10,0.002356213411303076,-7.207619140203024e-4,0.024321182056277837,10
AbvGrndWood,leaf_allocation_fraction,0.0022213257862062595,-1.6484815764277438e-5,0.004961673411182398,5
AbvGrndWood,veg_respiration_Q10,0.00217507819845285,-7.661769120892371e-4,0.024978806513059486,10
AbvGrndWood,leafWHC,0.0019667474682637277,-1.4595549140298944e-5,0.004393033511964251,5
AbvGrndWood,dVpdExp,0.001381898207181034,-0.0012107230354100676,0.03411501477861167,10
AbvGrndWood,Amax,0.0013794575428945843,-3.8342678329469833e-4,0.013274459686986796,10
AbvGrndWood,AmaxFrac,2.2774555141482814e-4,-0.0010525825322373697,0.027196176678763267,10
AbvGrndWood,fracLeafFall,-5.804149899896977e-4,-2.2427099339480258e-4,0.0043216033203081145,10
AbvGrndWood,dVPDSlope,-0.0012249594198443692,-3.6452384975213005e-4,0.006445681703093393,10
AbvGrndWood,leaf_turnover_rate,-0.0029523994336112785,-6.76133733685289e-4,0.010715110493033583,10
AbvGrndWood,leafGrowth,-0.0038816699410433747,-0.0010663833043541959,0.018281106298751248,10
NPP,Vm_low_temp,0.6876102888985028,0.5089765848316986,0.47442741399466776,10
NPP,leaf_respiration_rate_m2,0.496982144722907,0.28302298871681697,0.5224776968527401,10
NPP,SLA,0.3043368127913543,0.18339232878106018,0.30185558213001723,10
NPP,psnTOpt,0.16971594620811506,0.08332378169727903,0.20339338028085155,10
NPP,wueConst,0.14824541479840198,0.15928556120776216,0.06600743924132456,5
NPP,GDD,0.1324249461329067,0.1443306626258723,0.057072718888897735,10
NPP,veg_respiration_Q10,0.1293467555261564,0.10182139894787004,0.0878784648676236,10
NPP,half_saturation_PAR,0.12075810212326679,0.1103110647891925,0.06268834190293271,10
NPP,leafGrowth,0.1084664993829638,0.07537877052723282,0.09007719585848041,10
NPP,stem_respiration_rate,0.10312987148237474,0.056925424797416566,0.11014004679820351,10
NPP,AmaxFrac,0.10219595199625232,0.08058767215759839,0.054282710952500576,10
NPP,wood_allocation_fraction,0.09948877650017163,0.10689791397766917,0.04429816179447586,5
NPP,wood_turnover_rate,0.09765717728636958,0.10492991173574553,0.043482627809941464,5
NPP,dVpdExp,0.09475544293754715,0.0787365200506317,0.046731884373522305,10
NPP,extinction_coefficient,0.09121980427904489,0.049099098315759405,0.10007869130253709,10
NPP,root_allocation_fraction,0.08624519175411208,0.0926680517485583,0.03840135131536834,5
NPP,fine_root_respiration_Q10,0.07279282671620767,0.07043235792316727,0.03150637925182972,10
NPP,root_turnover_rate,0.06693751044971367,0.03555530335657841,0.07444750798006325,10
NPP,leafC,0.059570597693623675,0.06215680042011628,0.026512883183868245,10
NPP,coarse_root_respiration_Q10,0.05853614165706311,0.06397896000809725,0.02481061835131576,10
NPP,root_respiration_rate,0.0508709286624527,0.03156252015017016,0.04705469580943633,10
NPP,growth_resp_factor,0.04906351103343779,0.051363587893017454,0.02177861195986623,10
NPP,leaf_turnover_rate,0.029800379975033386,0.023195804453940726,0.016720218930212374,10
NPP,dVPDSlope,0.029739310411808963,0.023263520261412506,0.020434979102275784,10
NPP,Amax,0.028172103367662814,0.025172055365962172,0.01592839642437923,10
NPP,fracLeafFall,0.02353759092648371,0.0182671392214225,0.014598499854583693,10
NPP,leaf_allocation_fraction,0.01603798798280404,0.01723237052530966,0.007141040542587108,5
NPP,leafWHC,0.013892978092868342,0.014927617258038348,0.006185957984556468,5
TotSoilCarb,Vm_low_temp,0.4395838440818866,0.062210588492956714,1.1081221920755682,10
TotSoilCarb,psnTOpt,0.05877965917743548,0.02540939609530358,0.09753580710860485,10
TotSoilCarb,fine_root_respiration_Q10,0.042915070382735274,0.008284698168691325,0.10523779889717613,10
TotSoilCarb,half_saturation_PAR,0.04242902721340658,0.020401159962555357,0.05087677394160217,10
TotSoilCarb,stem_respiration_rate,0.04066556078893186,0.018857748548135576,0.05399762190610373,10
TotSoilCarb,extinction_coefficient,0.039866655196545156,0.026727422039143946,0.050515184384387665,10
TotSoilCarb,wood_turnover_rate,0.03732060040645372,0.007743556150249997,0.06722020161000243,5
TotSoilCarb,root_respiration_rate,0.0342100691010777,0.008445242166947548,0.07964076553799414,10
TotSoilCarb,leafGrowth,0.03403497580930193,0.02039518721352475,0.038036877262610694,10
TotSoilCarb,leaf_turnover_rate,0.03131453523291997,0.009531624519890996,0.06629623825089866,10
TotSoilCarb,leaf_allocation_fraction,0.030617420748835895,0.006352730507075158,0.05514673325456787,5
TotSoilCarb,growth_resp_factor,0.028587915953521635,0.0128399289202529,0.0420101383273579,10
TotSoilCarb,dVpdExp,0.026457979559150954,0.013423162238712918,0.030052858688955377,10
TotSoilCarb,leaf_respiration_rate_m2,0.025296045604605712,0.014486092547705737,0.0280580169750257,10
TotSoilCarb,coarse_root_respiration_Q10,0.02519336978974679,0.013492138294393106,0.028120541477293124,10
TotSoilCarb,GDD,0.02331499395669369,0.010361619763108875,0.03544376717255499,10
TotSoilCarb,leafWHC,0.02119316386191934,0.004397315492755107,0.03817218190588604,5
TotSoilCarb,AmaxFrac,0.017325144162559692,0.010814818931532298,0.022287176175179405,10
TotSoilCarb,dVPDSlope,0.017091298612301863,0.007941596304755534,0.02255554980183997,10
TotSoilCarb,leafC,0.01694272094494372,0.005073429174524028,0.03656318607940726,10
TotSoilCarb,root_turnover_rate,0.01633131058183935,0.010673191266930651,0.019077764281903303,10
TotSoilCarb,SLA,0.014376353523523367,0.003437842328617829,0.03379268473240227,10
TotSoilCarb,veg_respiration_Q10,0.013961758314399109,0.006755881834389927,0.016493545814199435,10
TotSoilCarb,wueConst,0.012288069220227089,0.002549620127990562,0.022132722447801026,5
TotSoilCarb,fracLeafFall,0.011672714884922046,0.0016379834454104656,0.029444287895480772,10
TotSoilCarb,Amax,0.010730452842429256,0.006041793463135151,0.011899033212518338,10
TotSoilCarb,wood_allocation_fraction,0.009746777768562765,0.0020223340491012723,0.017555461581946593,5
TotSoilCarb,root_allocation_fraction,0.0016655101093855959,3.455724428432869e-4,0.002999842556580007,5
