"variable","factor","index","sites","median","q25","q75","min","max","median_lower","median_upper"
"N2O_flux","param","first_order",10,0.971008742251943,0.961947409108356,0.973763757623511,0.922327265677108,0.984396888394072,0.964309299955073,0.97934854708286
"N2O_flux","events","first_order",10,0.00566031334856977,-0.0132297868062358,0.0113774141278246,-0.0444130763592316,0.0588905536099329,-0.126692221285253,0.161091348451606
"N2O_flux","poolinitcond","first_order",10,-0.00838936091217102,-0.0296667638104907,0.00277744506080548,-0.0625141691615783,0.0454733725184226,-0.134209915489932,0.143273996175105
"N2O_flux","met","first_order",10,-0.0125037324098565,-0.036700393543803,0.00201708434819049,-0.060001233171349,0.0381249476511084,-0.138617412721869,0.141327049936202
"N2O_flux","param","total_order",10,1.0039520513022,0.994164980677072,1.01758909497006,0.974679557078205,1.05385556260965,0.844546241081363,1.12706362650369
"N2O_flux","events","total_order",10,0.0324333540074611,0.0274815339970981,0.0372884247904761,0.0149577293189975,0.0670302237496446,0.0257431477183222,0.0381284644334048
"N2O_flux","poolinitcond","total_order",10,0.000929228771616615,0.000777852700449842,0.00197133163017475,0.000484623843654584,0.0251239452091153,0.000698094125642898,0.00113325756566725
"N2O_flux","met","total_order",10,0.000356073920522104,0.000148637230641477,0.000862867377158782,0.000138330183452624,0.00185008940162156,0.000264572132068527,0.000431540095670073
"TotSoilCarb","poolinitcond","first_order",10,0.866573622697429,0.729936542316832,0.981947835868297,0.546995572296653,0.997012729643633,0.851405103097103,0.884166172920552
"TotSoilCarb","param","first_order",10,0.0996327040518216,-0.0327241819007625,0.175004752776952,-0.0875297770241024,0.443051559784832,0.0189404060582332,0.181210998057204
"TotSoilCarb","events","first_order",10,-0.034023637471344,-0.076892020546873,-0.0078018499981122,-0.106968869727411,0.0142276548760893,-0.122824486949692,0.0565974774600076
"TotSoilCarb","met","first_order",10,-0.036190290993562,-0.081810742357651,-0.011088877308312,-0.107367302380805,0.00750461610653258,-0.125296605467599,0.0529216008820887
"TotSoilCarb","poolinitcond","total_order",10,0.909640376420338,0.81004076272363,1.03145087391798,0.556953663756381,1.08131024119248,0.826794051386465,0.985841188305407
"TotSoilCarb","param","total_order",10,0.13333136171238,0.018469025278361,0.261541625865576,0.00189171548271764,0.438344845365973,0.116498747556309,0.148769251649465
"TotSoilCarb","events","total_order",10,0.00113919349445619,0.000334059651837118,0.00391073999521217,0.000152679036407744,0.00520447486590475,0.00100090828149952,0.00125760680348897
"TotSoilCarb","met","total_order",10,8.95298311350389e-06,3.77893714769882e-06,1.59100966759522e-05,2.03477456836675e-06,6.21739879226617e-05,7.13277543710224e-06,1.04340734927751e-05
