"site_id","output","share","input"
"328163","Soil carbon",0.016691745141774,"unresolved"
"328163","Nitrous oxide flux",0.0736077539083474,"unresolved"
"26336","Soil carbon",0,"unresolved"
"26336","Nitrous oxide flux",0.0102523234237332,"unresolved"
"565118","Soil carbon",0.033324946476988,"unresolved"
"565118","Nitrous oxide flux",0,"unresolved"
"159849","Soil carbon",0.095406446172704,"unresolved"
"159849","Nitrous oxide flux",0.020291297542931,"unresolved"
"522375","Soil carbon",0.00298727035636703,"unresolved"
"522375","Nitrous oxide flux",0.00898332032293903,"unresolved"
"534243","Soil carbon",0.118934662033213,"unresolved"
"534243","Nitrous oxide flux",0,"unresolved"
"205678","Soil carbon",0.016009648429825,"unresolved"
"205678","Nitrous oxide flux",0.03959600133485,"unresolved"
"169473","Soil carbon",0.0305603976855371,"unresolved"
"169473","Nitrous oxide flux",0.00519269405469991,"unresolved"
"592578","Soil carbon",0,"unresolved"
"592578","Nitrous oxide flux",0.028930558306611,"unresolved"
"557284","Soil carbon",0.058610813387151,"unresolved"
"557284","Nitrous oxide flux",0.015603111605928,"unresolved"
"328163","Soil carbon",0,"meteorology"
"328163","Soil carbon",0.983308254858226,"initial conditions"
"328163","Soil carbon",0,"management"
"328163","Soil carbon",0,"parameters"
"328163","Nitrous oxide flux",0,"meteorology"
"328163","Nitrous oxide flux",0,"initial conditions"
"328163","Nitrous oxide flux",0.00406498041454462,"management"
"328163","Nitrous oxide flux",0.922327265677108,"parameters"
"26336","Soil carbon",0.00750461610653258,"meteorology"
"26336","Soil carbon",0.546995572296653,"initial conditions"
"26336","Soil carbon",0.0142276548760893,"management"
"26336","Soil carbon",0.443051559784832,"parameters"
"26336","Nitrous oxide flux",0,"meteorology"
"26336","Nitrous oxide flux",0,"initial conditions"
"26336","Nitrous oxide flux",0.0187996337657699,"management"
"26336","Nitrous oxide flux",0.970948042810497,"parameters"
"565118","Soil carbon",0,"meteorology"
"565118","Soil carbon",0.966675053523012,"initial conditions"
"565118","Soil carbon",0,"management"
"565118","Soil carbon",0,"parameters"
"565118","Nitrous oxide flux",0,"meteorology"
"565118","Nitrous oxide flux",0,"initial conditions"
"565118","Nitrous oxide flux",0.0588905536099329,"management"
"565118","Nitrous oxide flux",0.973469287875912,"parameters"
"159849","Soil carbon",0,"meteorology"
"159849","Soil carbon",0.729559548371694,"initial conditions"
"159849","Soil carbon",0,"management"
"159849","Soil carbon",0.175034005455602,"parameters"
"159849","Nitrous oxide flux",0,"meteorology"
"159849","Nitrous oxide flux",0,"initial conditions"
"159849","Nitrous oxide flux",0,"management"
"159849","Nitrous oxide flux",0.979708702457069,"parameters"
"522375","Soil carbon",0,"meteorology"
"522375","Soil carbon",0.997012729643633,"initial conditions"
"522375","Soil carbon",0,"management"
"522375","Soil carbon",0,"parameters"
"522375","Nitrous oxide flux",0.0126036163826718,"meteorology"
"522375","Nitrous oxide flux",0.00457977657381929,"initial conditions"
"522375","Nitrous oxide flux",0.00725564628259491,"management"
"522375","Nitrous oxide flux",0.966577640437975,"parameters"
"534243","Soil carbon",0,"meteorology"
"534243","Soil carbon",0.710628706084907,"initial conditions"
"534243","Soil carbon",0,"management"
"534243","Soil carbon",0.17043663188188,"parameters"
"534243","Nitrous oxide flux",0.0381249476511084,"meteorology"
"534243","Nitrous oxide flux",0.0454733725184226,"initial conditions"
"534243","Nitrous oxide flux",0.00884523891397986,"management"
"534243","Nitrous oxide flux",0.941697456612128,"parameters"
"205678","Soil carbon",0,"meteorology"
"205678","Soil carbon",0.983990351570175,"initial conditions"
"205678","Soil carbon",0,"management"
"205678","Soil carbon",0,"parameters"
"205678","Nitrous oxide flux",0,"meteorology"
"205678","Nitrous oxide flux",0,"initial conditions"
"205678","Nitrous oxide flux",0,"management"
"205678","Nitrous oxide flux",0.96040399866515,"parameters"
"169473","Soil carbon",0,"meteorology"
"169473","Soil carbon",0.731067524152244,"initial conditions"
"169473","Soil carbon",0,"management"
"169473","Soil carbon",0.238372078162219,"parameters"
"169473","Nitrous oxide flux",0.00326832684302733,"meteorology"
"169473","Nitrous oxide flux",0.00545559236378935,"initial conditions"
"169473","Nitrous oxide flux",0.0122214725324395,"management"
"169473","Nitrous oxide flux",0.973861914206044,"parameters"
"592578","Soil carbon",0.00722101195399256,"meteorology"
"592578","Soil carbon",0.977866578898511,"initial conditions"
"592578","Soil carbon",0.00804163047210054,"management"
"592578","Soil carbon",0.0288287762217632,"parameters"
"592578","Nitrous oxide flux",0,"meteorology"
"592578","Nitrous oxide flux",0,"initial conditions"
"592578","Nitrous oxide flux",0,"management"
"592578","Nitrous oxide flux",0.971069441693389,"parameters"
"557284","Soil carbon",0,"meteorology"
"557284","Soil carbon",0.766472191871845,"initial conditions"
"557284","Soil carbon",0,"management"
"557284","Soil carbon",0.174916994741004,"parameters"
"557284","Nitrous oxide flux",0,"meteorology"
"557284","Nitrous oxide flux",0,"initial conditions"
"557284","Nitrous oxide flux",0,"management"
"557284","Nitrous oxide flux",0.984396888394072,"parameters"
