"site_id","variable","output","q025","q25","median","q75","q975","zero_runs","runs","pft","label"
"328163","TotSoilCarb","soil carbon (kg C m-2)",7.0954925034437,14.0954848270662,18.4501910758898,22.9352925320842,38.9013460244481,0,2000,"corn","corn"
"328163","N2O_flux","nitrous oxide flux (g N m-2 yr-1)",0.01859514375,0.0934495625,0.221475375,0.54078809375,1.94291060625,0,2000,"corn","corn"
"328163","CH4_flux","methane flux (g C m-2 yr-1)",0,0,0,0.006659375,0.0788025,1070,2000,"corn","corn"
"328163","AbvGrndWood","aboveground woody biomass (kg C m-2)",0.000214218044147844,0.000409663543805613,0.000562825119780972,0.000773736631587954,0.0016802497112423,0,2000,"corn","corn"
"328163","NEE","net ecosystem exchange (g C m-2 yr-1)",43.181484375,141.8786875,251.3209375,446.036,920.9848875,0,2000,"corn","corn"
"26336","TotSoilCarb","soil carbon (kg C m-2)",2.14504395787346,3.47787360326831,4.43170498780801,5.6361708981434,7.25601804784822,0,2000,"woody perennial","woody perennial 1"
"26336","N2O_flux","nitrous oxide flux (g N m-2 yr-1)",0.066582678125,0.41592925,1.223587625,3.29480765625,10.48255163125,0,2000,"woody perennial","woody perennial 1"
"26336","CH4_flux","methane flux (g C m-2 yr-1)",0,0,0,0.005025,0.0321753125,1178,2000,"woody perennial","woody perennial 1"
"26336","AbvGrndWood","aboveground woody biomass (kg C m-2)",0.228911938334189,0.30885671596937,0.352139413928816,0.393975383833847,0.446884088948066,0,2000,"woody perennial","woody perennial 1"
"26336","NEE","net ecosystem exchange (g C m-2 yr-1)",44.33776875,169.8725,284.826125,456.86884375,749.37445625,0,2000,"woody perennial","woody perennial 1"
"565118","TotSoilCarb","soil carbon (kg C m-2)",15.3669630858145,23.0726030009411,28.2123303646903,30.3474094163886,36.589213698291,0,2000,"row crop","row crop 1"
"565118","N2O_flux","nitrous oxide flux (g N m-2 yr-1)",0.128241271875,0.48778965625,1.0044699375,1.9589293125,5.54485759375,0,2000,"row crop","row crop 1"
"565118","CH4_flux","methane flux (g C m-2 yr-1)",0,0,0,0.0066375,0.0565112499999999,1094,2000,"row crop","row crop 1"
"565118","AbvGrndWood","aboveground woody biomass (kg C m-2)",0.00096278979508898,0.0021361143908282,0.00353827472621492,0.00635919179928131,0.0216233460065879,0,2000,"row crop","row crop 1"
"565118","NEE","net ecosystem exchange (g C m-2 yr-1)",-1.444965625,114.283625,216.5378125,402.9015625,841.906196874999,0,2000,"row crop","row crop 1"
"159849","TotSoilCarb","soil carbon (kg C m-2)",2.19061568877267,3.63833214322382,4.48977678516427,5.9508223102755,8.52990717461285,0,2000,"woody perennial","woody perennial 2"
"159849","N2O_flux","nitrous oxide flux (g N m-2 yr-1)",0.077616909375,0.4531596875,1.261608375,3.05840246875,9.869351665625,0,2000,"woody perennial","woody perennial 2"
"159849","CH4_flux","methane flux (g C m-2 yr-1)",0,0,0,0.00628125,0.0381124999999999,1183,2000,"woody perennial","woody perennial 2"
"159849","AbvGrndWood","aboveground woody biomass (kg C m-2)",0.00414416262405886,0.0228827133598563,0.0435345829055442,0.0690166571483573,0.127406237209103,0,2000,"woody perennial","woody perennial 2"
"159849","NEE","net ecosystem exchange (g C m-2 yr-1)",31.341515625,124.85009375,244.341,404.09309375,747.7495125,0,2000,"woody perennial","woody perennial 2"
"522375","TotSoilCarb","soil carbon (kg C m-2)",0.666032809644507,1.6510360661576,5.43343136315024,8.10071328755989,13.1349860903812,0,2000,"alfalfa","alfalfa"
"522375","N2O_flux","nitrous oxide flux (g N m-2 yr-1)",0.04228745625,0.2475659375,0.688394,1.7219780625,4.517199234375,0,2000,"alfalfa","alfalfa"
"522375","CH4_flux","methane flux (g C m-2 yr-1)",0,0,0,0,0,2000,2000,"alfalfa","alfalfa"
"522375","AbvGrndWood","aboveground woody biomass (kg C m-2)",0.000129065430355921,0.000298568296543463,0.000394982032854209,0.000484315858145106,0.000721959220995893,0,2000,"alfalfa","alfalfa"
"522375","NEE","net ecosystem exchange (g C m-2 yr-1)",11.930821875,30.231375,48.48375,76.90084375,166.6120375,0,2000,"alfalfa","alfalfa"
"534243","TotSoilCarb","soil carbon (kg C m-2)",1.07779674612851,2.60417292853782,3.69616628015914,4.74296530597621,7.36137133276651,0,2000,"woody perennial","woody perennial 3"
"534243","N2O_flux","nitrous oxide flux (g N m-2 yr-1)",0.071177921875,0.45285815625,1.3199276875,3.35933796875,11.18319620625,0,2000,"woody perennial","woody perennial 3"
"534243","CH4_flux","methane flux (g C m-2 yr-1)",0,0,0,0.002403125,0.0264799999999999,1320,2000,"woody perennial","woody perennial 3"
"534243","AbvGrndWood","aboveground woody biomass (kg C m-2)",0.257113229551677,0.343067704697125,0.389506367214237,0.430685040212183,0.487723097364819,0,2000,"woody perennial","woody perennial 3"
"534243","NEE","net ecosystem exchange (g C m-2 yr-1)",27.0572625,148.61175,246.9575,399.50265625,691.392309375,0,2000,"woody perennial","woody perennial 3"
"205678","TotSoilCarb","soil carbon (kg C m-2)",8.16988602033068,16.2030168922185,21.8351795384155,24.1239053749572,39.9227352875599,0,2000,"row crop","row crop 2"
"205678","N2O_flux","nitrous oxide flux (g N m-2 yr-1)",0.072756203125,0.31706803125,0.6584785,1.33262453125,3.89158359999999,0,2000,"row crop","row crop 2"
"205678","CH4_flux","methane flux (g C m-2 yr-1)",0,0,0,0.021146875,0.1460121875,1006,2000,"row crop","row crop 2"
"205678","AbvGrndWood","aboveground woody biomass (kg C m-2)",0.000565711113963039,0.00138549976471595,0.00224507571868583,0.00410909126882272,0.0147638022437543,0,2000,"row crop","row crop 2"
"205678","NEE","net ecosystem exchange (g C m-2 yr-1)",-3.06759375,103.622375,200.17925,374.20971875,793.507909374999,0,2000,"row crop","row crop 2"
"169473","TotSoilCarb","soil carbon (kg C m-2)",1.32113710581365,2.58770958119439,3.72393839835729,4.75123342391769,6.28417012513903,0,2000,"woody perennial","woody perennial 4"
"169473","N2O_flux","nitrous oxide flux (g N m-2 yr-1)",0.08959328125,0.5028020625,1.4170589375,3.4925794375,11.416641934375,0,2000,"woody perennial","woody perennial 4"
"169473","CH4_flux","methane flux (g C m-2 yr-1)",0,0,0,0.001403125,0.02550625,1263,2000,"woody perennial","woody perennial 4"
"169473","AbvGrndWood","aboveground woody biomass (kg C m-2)",0,0,0,0,0.00337854979466119,1767,2000,"woody perennial","woody perennial 4"
"169473","NEE","net ecosystem exchange (g C m-2 yr-1)",47.331725,113.772625,203.117,338.27028125,625.750615625,0,2000,"woody perennial","woody perennial 4"
"592578","TotSoilCarb","soil carbon (kg C m-2)",12.3372124715092,21.6564112441179,24.2058887651865,30.4507089363022,37.6788336707948,0,2000,"row crop","row crop 3"
"592578","N2O_flux","nitrous oxide flux (g N m-2 yr-1)",0.12425340625,0.49643225,1.0055355,2.04677228125,5.682554046875,0,2000,"row crop","row crop 3"
"592578","CH4_flux","methane flux (g C m-2 yr-1)",0,0,0.0007375,0.008209375,0.0665253125,884,2000,"row crop","row crop 3"
"592578","AbvGrndWood","aboveground woody biomass (kg C m-2)",0.000192291228182752,0.000638875021389459,0.00103108637063655,0.0017140507357974,0.00439974655629705,0,2000,"row crop","row crop 3"
"592578","NEE","net ecosystem exchange (g C m-2 yr-1)",46.835021875,142.1675625,256.559,445.81721875,898.226753124999,0,2000,"row crop","row crop 3"
"557284","TotSoilCarb","soil carbon (kg C m-2)",1.53552485474418,3.52856328092916,5.06445006951574,6.34244112615503,8.65841259312971,0,2000,"row crop","row crop 4"
"557284","N2O_flux","nitrous oxide flux (g N m-2 yr-1)",0.107701678125,0.5864050625,1.5753904375,3.73720175,11.72098574375,0,2000,"row crop","row crop 4"
"557284","CH4_flux","methane flux (g C m-2 yr-1)",0,0,0,0.007728125,0.0430393749999998,1206,2000,"row crop","row crop 4"
"557284","AbvGrndWood","aboveground woody biomass (kg C m-2)",7.66983230663929e-07,2.11049794661191e-06,3.53589151266256e-06,6.58806040383299e-06,1.51447210814511e-05,0,2000,"row crop","row crop 4"
"557284","NEE","net ecosystem exchange (g C m-2 yr-1)",43.74254375,112.0484375,219.8360625,392.49503125,750.037084374999,0,2000,"row crop","row crop 4"
