"site_id","variable","n","factor","estimate","width"
"328163","TotSoilCarb",100,"met",1.67926082699336e-06,2.11544152097281e-06
"328163","TotSoilCarb",100,"poolinitcond",1.4128224278051,1.01209702827883
"328163","TotSoilCarb",100,"events",0.000200389605765875,0.000194943437589592
"328163","TotSoilCarb",100,"param",0.0138017856626756,0.0130509515869118
"328163","TotSoilCarb",200,"met",1.76444669885445e-06,1.30409159735176e-06
"328163","TotSoilCarb",200,"poolinitcond",1.18461272784874,0.490789394876329
"328163","TotSoilCarb",200,"events",0.000178406165771754,0.000110136078286619
"328163","TotSoilCarb",200,"param",0.0122728107466589,0.00765367106849029
"328163","TotSoilCarb",300,"met",1.97400064979699e-06,1.46104072160341e-06
"328163","TotSoilCarb",300,"poolinitcond",1.18822930707644,0.413022051323423
"328163","TotSoilCarb",300,"events",0.000171459071046138,8.80440642114314e-05
"328163","TotSoilCarb",300,"param",0.0140683720252027,0.0069797260105051
"328163","TotSoilCarb",400,"met",2.43995589426262e-06,1.73005870424575e-06
"328163","TotSoilCarb",400,"poolinitcond",1.13864853276821,0.36618367878143
"328163","TotSoilCarb",400,"events",0.000167765336974263,8.2793397637296e-05
"328163","TotSoilCarb",400,"param",0.0149618293386096,0.00672040452405035
"328163","TotSoilCarb",500,"met",2.43231774869448e-06,1.57751688119004e-06
"328163","TotSoilCarb",500,"poolinitcond",1.16626465991326,0.33124327577782
"328163","TotSoilCarb",500,"events",0.000178782754269777,7.70889385598803e-05
"328163","TotSoilCarb",500,"param",0.0154577472426623,0.00637155875090894
"328163","TotSoilCarb",600,"met",2.2698196205711e-06,1.26830860312346e-06
"328163","TotSoilCarb",600,"poolinitcond",1.11518677734588,0.286558227225439
"328163","TotSoilCarb",600,"events",0.000165320051745105,6.19296141274419e-05
"328163","TotSoilCarb",600,"param",0.015875340909074,0.00559794815497514
"328163","TotSoilCarb",700,"met",2.22175697035606e-06,1.18502924917957e-06
"328163","TotSoilCarb",700,"poolinitcond",1.14097964095582,0.264279339596399
"328163","TotSoilCarb",700,"events",0.00017136394318821,6.18598262279298e-05
"328163","TotSoilCarb",700,"param",0.0170232603634846,0.00607824459170949
"328163","TotSoilCarb",800,"met",2.27184941478334e-06,1.15080301580803e-06
"328163","TotSoilCarb",800,"poolinitcond",1.1254676864866,0.259037781874011
"328163","TotSoilCarb",800,"events",0.000166202525879274,5.70791579482588e-05
"328163","TotSoilCarb",800,"param",0.0171807922344561,0.00566056664586862
"328163","TotSoilCarb",900,"met",2.15890462777256e-06,9.71571577738594e-07
"328163","TotSoilCarb",900,"poolinitcond",1.1194258473606,0.230677151145788
"328163","TotSoilCarb",900,"events",0.000163658595568528,4.78405460564363e-05
"328163","TotSoilCarb",900,"param",0.0165533555606113,0.00530648686701952
"328163","TotSoilCarb",1000,"met",2.03477456836675e-06,8.7576774856837e-07
"328163","TotSoilCarb",1000,"poolinitcond",1.08131024119248,0.202236352168902
"328163","TotSoilCarb",1000,"events",0.00016181392826644,4.83580196803418e-05
"328163","TotSoilCarb",1000,"param",0.0156560822213422,0.00479106974512753
"328163","N2O_flux",100,"met",0.000982964289986877,0.0013609846273815
"328163","N2O_flux",100,"poolinitcond",0.0301496472738721,0.0241619333212775
"328163","N2O_flux",100,"events",0.0634256627825432,0.0646476427338962
"328163","N2O_flux",100,"param",0.831275277506707,0.810631605944106
"328163","N2O_flux",200,"met",0.00133552269711832,0.00110167320674948
"328163","N2O_flux",200,"poolinitcond",0.0384109675954872,0.0262076168151063
"328163","N2O_flux",200,"events",0.0787841650956915,0.0552604351161624
"328163","N2O_flux",200,"param",1.29632996872436,1.22332768642337
"328163","N2O_flux",300,"met",0.0010256385289396,0.000863376944303748
"328163","N2O_flux",300,"poolinitcond",0.0418316372801154,0.0309656440112373
"328163","N2O_flux",300,"events",0.0698129621450708,0.0393556610848812
"328163","N2O_flux",300,"param",1.1194201274205,0.702169661078368
"328163","N2O_flux",400,"met",0.00110356309396059,0.000663248490027466
"328163","N2O_flux",400,"poolinitcond",0.0347208344097997,0.0249313292645451
"328163","N2O_flux",400,"events",0.0642392760529862,0.0304888819120541
"328163","N2O_flux",400,"param",1.09080634761,0.565006160471586
"328163","N2O_flux",500,"met",0.000931353518906441,0.000684343478950379
"328163","N2O_flux",500,"poolinitcond",0.0283437789413432,0.0215759638011875
"328163","N2O_flux",500,"events",0.0762873282707107,0.0436115186955946
"328163","N2O_flux",500,"param",1.01866824785594,0.515146623188454
"328163","N2O_flux",600,"met",0.000912048722941499,0.000565536185719585
"328163","N2O_flux",600,"poolinitcond",0.0280145241651819,0.0179603667419055
"328163","N2O_flux",600,"events",0.0758935934072345,0.0418756472077561
"328163","N2O_flux",600,"param",0.980652743000522,0.39399643421273
"328163","N2O_flux",700,"met",0.000911126512431146,0.000512432608115581
"328163","N2O_flux",700,"poolinitcond",0.0259547698074463,0.0167826499958582
"328163","N2O_flux",700,"events",0.0745926657590968,0.036202595637834
"328163","N2O_flux",700,"param",1.07977666554026,0.489523869907123
"328163","N2O_flux",800,"met",0.0009236989572582,0.000456078655671541
"328163","N2O_flux",800,"poolinitcond",0.0238558899922884,0.0144149395833364
"328163","N2O_flux",800,"events",0.0725297128887399,0.0319615673552563
"328163","N2O_flux",800,"param",1.04572869977368,0.427873373203799
"328163","N2O_flux",900,"met",0.000939783445116143,0.000480199805640759
"328163","N2O_flux",900,"poolinitcond",0.0245713739436315,0.0142394549583145
"328163","N2O_flux",900,"events",0.0715641694824182,0.0326576613736146
"328163","N2O_flux",900,"param",1.05108922329832,0.422285498978223
"328163","N2O_flux",1000,"met",0.000895657538328839,0.000450223805767128
"328163","N2O_flux",1000,"poolinitcond",0.0251239452091153,0.0126545890824714
"328163","N2O_flux",1000,"events",0.0670302237496446,0.0302664479316445
"328163","N2O_flux",1000,"param",1.02149898909165,0.379029629598122
"26336","TotSoilCarb",100,"met",1.25230299322877e-05,1.23523274284561e-05
"26336","TotSoilCarb",100,"poolinitcond",0.562068507732457,0.378493265985845
"26336","TotSoilCarb",100,"events",0.00390205805016318,0.0026388929554737
"26336","TotSoilCarb",100,"param",0.335605990797087,0.234519221097281
"26336","TotSoilCarb",200,"met",1.57129853733585e-05,9.74764143547558e-06
"26336","TotSoilCarb",200,"poolinitcond",0.604189142866869,0.275325727928777
"26336","TotSoilCarb",200,"events",0.00419818001698622,0.00194744769266395
"26336","TotSoilCarb",200,"param",0.459176035457212,0.219967012944245
"26336","TotSoilCarb",300,"met",1.43379247939962e-05,6.83647147330327e-06
"26336","TotSoilCarb",300,"poolinitcond",0.545358302868873,0.191174587577269
"26336","TotSoilCarb",300,"events",0.00404520683374355,0.00154827794753363
"26336","TotSoilCarb",300,"param",0.439750076439125,0.163513331335961
"26336","TotSoilCarb",400,"met",1.50046491178363e-05,6.39614617335057e-06
"26336","TotSoilCarb",400,"poolinitcond",0.541515003933235,0.173160326811914
"26336","TotSoilCarb",400,"events",0.0039714004395805,0.00136590252534061
"26336","TotSoilCarb",400,"param",0.418879741806754,0.140757574555216
"26336","TotSoilCarb",500,"met",1.42335919768788e-05,5.70100724155217e-06
"26336","TotSoilCarb",500,"poolinitcond",0.525208172407229,0.161429687116617
"26336","TotSoilCarb",500,"events",0.00397817127624333,0.00126828965322102
"26336","TotSoilCarb",500,"param",0.403247684098203,0.126102170153896
"26336","TotSoilCarb",600,"met",1.48570642054335e-05,5.21229582825339e-06
"26336","TotSoilCarb",600,"poolinitcond",0.539623447721552,0.143892602817255
"26336","TotSoilCarb",600,"events",0.00392768894753698,0.00114123746821223
"26336","TotSoilCarb",600,"param",0.42875958252467,0.124570356482247
"26336","TotSoilCarb",700,"met",1.57082573801935e-05,5.08661778893714e-06
"26336","TotSoilCarb",700,"poolinitcond",0.546260809249521,0.129734933053847
"26336","TotSoilCarb",700,"events",0.00418811491709629,0.00109247894777274
"26336","TotSoilCarb",700,"param",0.4519947648884,0.109616930614421
"26336","TotSoilCarb",800,"met",1.60429023962671e-05,5.18795362855083e-06
"26336","TotSoilCarb",800,"poolinitcond",0.553008969647519,0.121511842153335
"26336","TotSoilCarb",800,"events",0.00419125657976333,0.000976384189490226
"26336","TotSoilCarb",800,"param",0.457746998536185,0.107235598990289
"26336","TotSoilCarb",900,"met",1.61050573384181e-05,4.77333701226683e-06
"26336","TotSoilCarb",900,"poolinitcond",0.546364899195032,0.112220707905212
"26336","TotSoilCarb",900,"events",0.0041610761926518,0.000932548107599222
"26336","TotSoilCarb",900,"param",0.435504258010536,0.0944032694780095
"26336","TotSoilCarb",1000,"met",1.65637300744776e-05,5.27145710083442e-06
"26336","TotSoilCarb",1000,"poolinitcond",0.556953663756381,0.11041668095976
"26336","TotSoilCarb",1000,"events",0.00410605695117147,0.000917895054427298
"26336","TotSoilCarb",1000,"param",0.438344845365973,0.0940393383835645
"26336","N2O_flux",100,"met",0.000118040201089693,0.000162970370347775
"26336","N2O_flux",100,"poolinitcond",0.000692988821811263,0.000899075678232464
"26336","N2O_flux",100,"events",0.0651424034432839,0.053229955179727
"26336","N2O_flux",100,"param",0.795964356669173,0.661854461987155
"26336","N2O_flux",200,"met",0.000173946826684842,0.000144269087665241
"26336","N2O_flux",200,"poolinitcond",0.000647292974069837,0.000613704443452372
"26336","N2O_flux",200,"events",0.0519316893705839,0.0374259295767091
"26336","N2O_flux",200,"param",1.14379082472422,0.803422138397679
"26336","N2O_flux",300,"met",0.00014119124461135,9.46718317422023e-05
"26336","N2O_flux",300,"poolinitcond",0.00063227280976201,0.000421236180370485
"26336","N2O_flux",300,"events",0.0430421427339854,0.0288991845742798
"26336","N2O_flux",300,"param",1.07763010713487,0.561632399010421
"26336","N2O_flux",400,"met",0.000151680439479893,8.39767761881883e-05
"26336","N2O_flux",400,"poolinitcond",0.000562303792021447,0.000308821349968669
"26336","N2O_flux",400,"events",0.0396020489538554,0.0223571980632
"26336","N2O_flux",400,"param",1.04884985508236,0.410239759081417
"26336","N2O_flux",500,"met",0.000138857031704585,7.38737060163336e-05
"26336","N2O_flux",500,"poolinitcond",0.000659355729525879,0.000387267060284271
"26336","N2O_flux",500,"events",0.041007440280051,0.0184638483323935
"26336","N2O_flux",500,"param",1.03486828364242,0.343371138093125
"26336","N2O_flux",600,"met",0.000134954295106027,6.73046071330712e-05
"26336","N2O_flux",600,"poolinitcond",0.000623445282538022,0.000330002880376059
"26336","N2O_flux",600,"events",0.0394493334403353,0.0160396446779478
"26336","N2O_flux",600,"param",1.0264082519698,0.312844844090272
"26336","N2O_flux",700,"met",0.000135103867249439,5.38141828160245e-05
"26336","N2O_flux",700,"poolinitcond",0.000612620232431108,0.000307711651766286
"26336","N2O_flux",700,"events",0.0393455609755364,0.0154025433083197
"26336","N2O_flux",700,"param",1.09805093769226,0.349085667978466
"26336","N2O_flux",800,"met",0.000142032526123908,5.27646434838826e-05
"26336","N2O_flux",800,"poolinitcond",0.000627165033640177,0.000314773200251959
"26336","N2O_flux",800,"events",0.0370612207552523,0.0152212571585087
"26336","N2O_flux",800,"param",1.05898274952736,0.337468477806651
"26336","N2O_flux",900,"met",0.00014490122223492,4.82542755857603e-05
"26336","N2O_flux",900,"poolinitcond",0.000638299721374184,0.000291830531573724
"26336","N2O_flux",900,"events",0.0356911767871919,0.0135161562401514
"26336","N2O_flux",900,"param",1.0547035120037,0.299272541612987
"26336","N2O_flux",1000,"met",0.000138330183452624,5.22561701732438e-05
"26336","N2O_flux",1000,"poolinitcond",0.000589415005720936,0.000262415473824851
"26336","N2O_flux",1000,"events",0.03486313584228,0.011189414071691
"26336","N2O_flux",1000,"param",1.00310452020571,0.293144920118883
"565118","TotSoilCarb",100,"met",3.60128387641408e-06,4.90243001229761e-06
"565118","TotSoilCarb",100,"poolinitcond",1.04874588711533,0.587885110399774
"565118","TotSoilCarb",100,"events",0.000677005243826287,0.000569502501391387
"565118","TotSoilCarb",100,"param",0.0215465281460187,0.0188465081620709
"565118","TotSoilCarb",200,"met",4.35526197037737e-06,4.05233189510355e-06
"565118","TotSoilCarb",200,"poolinitcond",0.913763239536795,0.386763286265609
"565118","TotSoilCarb",200,"events",0.00054799812691577,0.000305063102788372
"565118","TotSoilCarb",200,"param",0.0243729819456751,0.0142572692208967
"565118","TotSoilCarb",300,"met",5.33487321985445e-06,4.45464381859862e-06
"565118","TotSoilCarb",300,"poolinitcond",0.880534810293322,0.279498264778182
"565118","TotSoilCarb",300,"events",0.000536865071276848,0.000246687141008972
"565118","TotSoilCarb",300,"param",0.0294086021914843,0.0142483453474237
"565118","TotSoilCarb",400,"met",7.91196517948206e-06,7.78018496504513e-06
"565118","TotSoilCarb",400,"poolinitcond",0.978684301673667,0.258456530665533
"565118","TotSoilCarb",400,"events",0.000536287460744383,0.000206337864277583
"565118","TotSoilCarb",400,"param",0.0298748059144744,0.0119489646406236
"565118","TotSoilCarb",500,"met",7.69990348806089e-06,6.73280116926051e-06
"565118","TotSoilCarb",500,"poolinitcond",1.02767457537198,0.248477081477616
"565118","TotSoilCarb",500,"events",0.00054042088654567,0.000180294491674856
"565118","TotSoilCarb",500,"param",0.0322274600519103,0.0129359678024815
"565118","TotSoilCarb",600,"met",7.33294951236352e-06,5.84466070287337e-06
"565118","TotSoilCarb",600,"poolinitcond",1.03247600897979,0.228048680898663
"565118","TotSoilCarb",600,"events",0.000565779490077195,0.000184912357465659
"565118","TotSoilCarb",600,"param",0.0335857630373239,0.0122854437853579
"565118","TotSoilCarb",700,"met",6.64176752379311e-06,4.94349390537222e-06
"565118","TotSoilCarb",700,"poolinitcond",1.00677415333482,0.215514573941576
"565118","TotSoilCarb",700,"events",0.000550349688655701,0.000163234128158968
"565118","TotSoilCarb",700,"param",0.0333293972363282,0.0115141954555373
"565118","TotSoilCarb",800,"met",7.06464523607067e-06,4.95583640151753e-06
"565118","TotSoilCarb",800,"poolinitcond",1.01573580631167,0.193565657849059
"565118","TotSoilCarb",800,"events",0.000537139404810246,0.000157262764103946
"565118","TotSoilCarb",800,"param",0.0349008029072693,0.0105508929754636
"565118","TotSoilCarb",900,"met",6.5276720204247e-06,4.30771016500626e-06
"565118","TotSoilCarb",900,"poolinitcond",1.0201213767423,0.189413841849899
"565118","TotSoilCarb",900,"events",0.000534409038496551,0.000136729678878898
"565118","TotSoilCarb",900,"param",0.0335298684820369,0.0101615385396807
"565118","TotSoilCarb",1000,"met",6.49832439635506e-06,3.71000464469312e-06
"565118","TotSoilCarb",1000,"poolinitcond",1.05118821936011,0.181815105547952
"565118","TotSoilCarb",1000,"events",0.00053148508665275,0.000137721822149397
"565118","TotSoilCarb",1000,"param",0.033541355960382,0.00978028696592358
"565118","N2O_flux",100,"met",0.00271939580317864,0.00319628020640243
"565118","N2O_flux",100,"poolinitcond",0.000331413794577957,0.000424280833104057
"565118","N2O_flux",100,"events",0.0205359477836165,0.0188331539083771
"565118","N2O_flux",100,"param",0.778346405769742,0.541842744509847
"565118","N2O_flux",200,"met",0.00302356498466567,0.00248264993740481
"565118","N2O_flux",200,"poolinitcond",0.000383205341473731,0.000317328594804759
"565118","N2O_flux",200,"events",0.023328547582795,0.0146394137763657
"565118","N2O_flux",200,"param",1.1327663282743,0.73762621999112
"565118","N2O_flux",300,"met",0.00226178630250974,0.00176035120622662
"565118","N2O_flux",300,"poolinitcond",0.000353049683905391,0.000258797005087994
"565118","N2O_flux",300,"events",0.0249273724723323,0.0168367426986316
"565118","N2O_flux",300,"param",1.04759796706886,0.526047477873542
"565118","N2O_flux",400,"met",0.00210849981001443,0.00136175353095514
"565118","N2O_flux",400,"poolinitcond",0.000377548273818872,0.000222356983827005
"565118","N2O_flux",400,"events",0.0256017209688646,0.013950732756104
"565118","N2O_flux",400,"param",1.01737387855784,0.405214808067092
"565118","N2O_flux",500,"met",0.00191523899542469,0.00114753307887611
"565118","N2O_flux",500,"poolinitcond",0.000409740138975365,0.000244658648719264
"565118","N2O_flux",500,"events",0.0250342078689851,0.0113075271048929
"565118","N2O_flux",500,"param",0.994885046770245,0.352676694279068
"565118","N2O_flux",600,"met",0.0020304913388503,0.00107215884294223
"565118","N2O_flux",600,"poolinitcond",0.000428431311181563,0.000248556160398569
"565118","N2O_flux",600,"events",0.0264553713068263,0.0113430839224712
"565118","N2O_flux",600,"param",0.982244113008004,0.323869670632704
"565118","N2O_flux",700,"met",0.00204926132994132,0.00102002321544314
"565118","N2O_flux",700,"poolinitcond",0.000405368310924068,0.000206951516087395
"565118","N2O_flux",700,"events",0.0287225741615641,0.0136665356596008
"565118","N2O_flux",700,"param",1.0248145561472,0.342980800032437
"565118","N2O_flux",800,"met",0.00195903414479161,0.000901514227460368
"565118","N2O_flux",800,"poolinitcond",0.000391299227669554,0.000197128105435449
"565118","N2O_flux",800,"events",0.0321505311366794,0.0158855850504616
"565118","N2O_flux",800,"param",1.03897311684964,0.338771952631459
"565118","N2O_flux",900,"met",0.0020089345260692,0.000822496034387841
"565118","N2O_flux",900,"poolinitcond",0.000403351514173712,0.00019833075890029
"565118","N2O_flux",900,"events",0.0325871491983333,0.0161986830243176
"565118","N2O_flux",900,"param",1.03774458473983,0.313964575171357
"565118","N2O_flux",1000,"met",0.00185008940162156,0.000833033712840551
"565118","N2O_flux",1000,"poolinitcond",0.000484623843654584,0.000337867061965834
"565118","N2O_flux",1000,"events",0.0325406378277845,0.0151281977168363
"565118","N2O_flux",1000,"param",0.993681968257435,0.285558691062551
"159849","TotSoilCarb",100,"met",3.74505447927729e-05,4.33901698076222e-05
"159849","TotSoilCarb",100,"poolinitcond",0.636952909652137,0.356457816334843
"159849","TotSoilCarb",100,"events",0.00468047266801292,0.00400453993248635
"159849","TotSoilCarb",100,"param",0.197725304951495,0.146144904246142
"159849","TotSoilCarb",200,"met",4.5905785488417e-05,5.32286533949945e-05
"159849","TotSoilCarb",200,"poolinitcond",0.71407819861643,0.275234621260101
"159849","TotSoilCarb",200,"events",0.00416483121700241,0.00241005516445336
"159849","TotSoilCarb",200,"param",0.226374853659653,0.103295730391872
"159849","TotSoilCarb",300,"met",4.97294483244006e-05,4.79127625441441e-05
"159849","TotSoilCarb",300,"poolinitcond",0.807951718461324,0.293116069353715
"159849","TotSoilCarb",300,"events",0.00464692915136816,0.00209363567618698
"159849","TotSoilCarb",300,"param",0.252255469015768,0.102863369019412
"159849","TotSoilCarb",400,"met",6.52015632184435e-05,5.40552539395268e-05
"159849","TotSoilCarb",400,"poolinitcond",0.864593453115103,0.269816636038816
"159849","TotSoilCarb",400,"events",0.0046114094100678,0.00191238233463425
"159849","TotSoilCarb",400,"param",0.263287915361756,0.10316473386551
"159849","TotSoilCarb",500,"met",6.46612251823249e-05,4.54059271954892e-05
"159849","TotSoilCarb",500,"poolinitcond",0.916331229820222,0.248996547498097
"159849","TotSoilCarb",500,"events",0.00479206026649653,0.00180117941190543
"159849","TotSoilCarb",500,"param",0.272479713869384,0.0878246862479966
"159849","TotSoilCarb",600,"met",7.01065924927264e-05,4.0366408910296e-05
"159849","TotSoilCarb",600,"poolinitcond",0.907315976430953,0.209150358739155
"159849","TotSoilCarb",600,"events",0.0048532967521053,0.00160952643805971
"159849","TotSoilCarb",600,"param",0.281586252789738,0.086079901899137
"159849","TotSoilCarb",700,"met",7.00410425118582e-05,3.94178524756732e-05
"159849","TotSoilCarb",700,"poolinitcond",0.884248221655303,0.20294015899165
"159849","TotSoilCarb",700,"events",0.00491970296854437,0.00145967743932916
"159849","TotSoilCarb",700,"param",0.285518477764559,0.0863013119841321
"159849","TotSoilCarb",800,"met",6.85155848846993e-05,3.42502679827589e-05
"159849","TotSoilCarb",800,"poolinitcond",0.866273744475008,0.180943212539233
"159849","TotSoilCarb",800,"events",0.00505190288217371,0.00138631425676452
"159849","TotSoilCarb",800,"param",0.292363115924299,0.07817089228258
"159849","TotSoilCarb",900,"met",6.54026649050609e-05,3.14693767093004e-05
"159849","TotSoilCarb",900,"poolinitcond",0.853929625414034,0.180693313630213
"159849","TotSoilCarb",900,"events",0.0051662321870038,0.00143146042522707
"159849","TotSoilCarb",900,"param",0.276302715326542,0.0760689591227005
"159849","TotSoilCarb",1000,"met",6.21739879226617e-05,2.79730387004522e-05
"159849","TotSoilCarb",1000,"poolinitcond",0.848376994241506,0.170556404533281
"159849","TotSoilCarb",1000,"events",0.00520447486590475,0.00134842903585573
"159849","TotSoilCarb",1000,"param",0.271969149743291,0.0665054415209698
"159849","N2O_flux",100,"met",0.000129351763598805,0.000125252105203303
"159849","N2O_flux",100,"poolinitcond",0.000474779542606651,0.000982733390505007
"159849","N2O_flux",100,"events",0.0126995101299152,0.0126720068835032
"159849","N2O_flux",100,"param",0.769423710862079,0.480941942994275
"159849","N2O_flux",200,"met",0.000210339438008913,0.000216622123104484
"159849","N2O_flux",200,"poolinitcond",0.000873889397334844,0.000963714021916372
"159849","N2O_flux",200,"events",0.0168364051325852,0.0100481191234674
"159849","N2O_flux",200,"param",1.10453323058628,0.665188043116117
"159849","N2O_flux",300,"met",0.000183060182255253,0.000150213991324004
"159849","N2O_flux",300,"poolinitcond",0.000779460994679267,0.000675299741960368
"159849","N2O_flux",300,"events",0.0182926406792857,0.0127551656274743
"159849","N2O_flux",300,"param",1.04935536697353,0.448936221741424
"159849","N2O_flux",400,"met",0.000185544899951886,0.000128344569049038
"159849","N2O_flux",400,"poolinitcond",0.000916662963669278,0.000594022113786932
"159849","N2O_flux",400,"events",0.0171835038518423,0.0101995461369619
"159849","N2O_flux",400,"param",1.0181535664068,0.388041049550278
"159849","N2O_flux",500,"met",0.000180311230987377,0.000110926965077106
"159849","N2O_flux",500,"poolinitcond",0.00100941766806624,0.000516024580449431
"159849","N2O_flux",500,"events",0.0182148044576331,0.0100645754909431
"159849","N2O_flux",500,"param",1.03342404320693,0.331674426698246
"159849","N2O_flux",600,"met",0.000185073981747419,9.33815208026709e-05
"159849","N2O_flux",600,"poolinitcond",0.0010182916638274,0.000486761216104305
"159849","N2O_flux",600,"events",0.0179049543847559,0.00833618459695505
"159849","N2O_flux",600,"param",1.01150334313493,0.284763449509281
"159849","N2O_flux",700,"met",0.000176965021784759,8.47293825814125e-05
"159849","N2O_flux",700,"poolinitcond",0.000984126579375039,0.000447432148566271
"159849","N2O_flux",700,"events",0.018324858028863,0.00800018921272173
"159849","N2O_flux",700,"param",1.07066367406821,0.329010695910259
"159849","N2O_flux",800,"met",0.000175714389840272,7.85709697336068e-05
"159849","N2O_flux",800,"poolinitcond",0.000993552233893843,0.000431291093216823
"159849","N2O_flux",800,"events",0.017425493917086,0.00711239925590695
"159849","N2O_flux",800,"param",1.04797825935882,0.299631933862234
"159849","N2O_flux",900,"met",0.000185308863360518,7.67244324635383e-05
"159849","N2O_flux",900,"poolinitcond",0.000976918609065698,0.000414581245039648
"159849","N2O_flux",900,"events",0.0172909368598772,0.00674718617446653
"159849","N2O_flux",900,"param",1.04575454139726,0.292250045978857
"159849","N2O_flux",1000,"met",0.00018871830503876,8.01691441842391e-05
"159849","N2O_flux",1000,"poolinitcond",0.000912601352644014,0.000405292287263946
"159849","N2O_flux",1000,"events",0.0161761933714885,0.00650647841124153
"159849","N2O_flux",1000,"param",0.995614017935983,0.251287874348301
"522375","TotSoilCarb",100,"met",1.27774460912096e-05,1.56440220283281e-05
"522375","TotSoilCarb",100,"poolinitcond",1.09678194858334,0.584860794141216
"522375","TotSoilCarb",100,"events",0.0013133615807991,0.000935278217899128
"522375","TotSoilCarb",100,"param",0.00148263433931241,0.00116812929834434
"522375","TotSoilCarb",200,"met",1.31596320116601e-05,1.06325208803229e-05
"522375","TotSoilCarb",200,"poolinitcond",0.910091768919126,0.344285876749575
"522375","TotSoilCarb",200,"events",0.00120229284351054,0.000588731608357846
"522375","TotSoilCarb",200,"param",0.00155330445210946,0.000860913044922273
"522375","TotSoilCarb",300,"met",1.43245634426811e-05,9.6873835154199e-06
"522375","TotSoilCarb",300,"poolinitcond",0.974484057633519,0.276384638775329
"522375","TotSoilCarb",300,"events",0.00129437035756794,0.000503972684912646
"522375","TotSoilCarb",300,"param",0.00192916299038333,0.000918428080461171
"522375","TotSoilCarb",400,"met",1.58886380272859e-05,8.9143732251719e-06
"522375","TotSoilCarb",400,"poolinitcond",0.994332224128098,0.251307913786244
"522375","TotSoilCarb",400,"events",0.00121790388961728,0.00041052934167129
"522375","TotSoilCarb",400,"param",0.00208154618151654,0.000862905874006511
"522375","TotSoilCarb",500,"met",1.48912506509778e-05,7.18316883405518e-06
"522375","TotSoilCarb",500,"poolinitcond",1.00584344024391,0.227671467574951
"522375","TotSoilCarb",500,"events",0.00125402935851614,0.000374840264620203
"522375","TotSoilCarb",500,"param",0.00215067842881435,0.000816568946668799
"522375","TotSoilCarb",600,"met",1.52733983039713e-05,6.46947101489463e-06
"522375","TotSoilCarb",600,"poolinitcond",0.999229345295829,0.196340852333575
"522375","TotSoilCarb",600,"events",0.00129189497515245,0.000345484174784991
"522375","TotSoilCarb",600,"param",0.00205769386457914,0.000677023937838539
"522375","TotSoilCarb",700,"met",1.50886763486385e-05,6.05560595146942e-06
"522375","TotSoilCarb",700,"poolinitcond",0.995212573097632,0.183130947576707
"522375","TotSoilCarb",700,"events",0.00125044406258815,0.000322381840512239
"522375","TotSoilCarb",700,"param",0.00203327589834192,0.00068659709389658
"522375","TotSoilCarb",800,"met",1.50089691911784e-05,5.39475268665777e-06
"522375","TotSoilCarb",800,"poolinitcond",1.01122302320874,0.167175930251338
"522375","TotSoilCarb",800,"events",0.00122286058924339,0.000274447514031657
"522375","TotSoilCarb",800,"param",0.00204409432576378,0.000632054530156786
"522375","TotSoilCarb",900,"met",1.42752669846742e-05,5.14324395597554e-06
"522375","TotSoilCarb",900,"poolinitcond",1.01394601336217,0.167128617432964
"522375","TotSoilCarb",900,"events",0.00119798197205031,0.000249567700328373
"522375","TotSoilCarb",900,"param",0.00194305798134384,0.000557806232231164
"522375","TotSoilCarb",1000,"met",1.39491964803758e-05,4.60817936899928e-06
"522375","TotSoilCarb",1000,"poolinitcond",1.02299801976843,0.152647874611854
"522375","TotSoilCarb",1000,"events",0.00120607408155469,0.000250557127887787
"522375","TotSoilCarb",1000,"param",0.00189171548271764,0.00052444829316029
"522375","N2O_flux",100,"met",0.000309712654963225,0.000350094862862409
"522375","N2O_flux",100,"poolinitcond",0.00416041982648115,0.00491108607443889
"522375","N2O_flux",100,"events",0.0449530845860426,0.0456718043365939
"522375","N2O_flux",100,"param",0.992289463733144,0.66975880714961
"522375","N2O_flux",200,"met",0.000598186059451287,0.000732716846077794
"522375","N2O_flux",200,"poolinitcond",0.0036146531879314,0.00336767321998471
"522375","N2O_flux",200,"events",0.0329684983520615,0.026844124540581
"522375","N2O_flux",200,"param",1.1116911627485,0.557079873738945
"522375","N2O_flux",300,"met",0.000529591296141044,0.000529266302414597
"522375","N2O_flux",300,"poolinitcond",0.00362946678057701,0.00287972712406025
"522375","N2O_flux",300,"events",0.0291281378739639,0.0203149249607333
"522375","N2O_flux",300,"param",1.08722362294133,0.442179279248549
"522375","N2O_flux",400,"met",0.000614387384015804,0.000595631416574543
"522375","N2O_flux",400,"poolinitcond",0.00416443453594757,0.00340168253503046
"522375","N2O_flux",400,"events",0.0286957659124616,0.0148610812192419
"522375","N2O_flux",400,"param",0.982954860551512,0.329638707465534
"522375","N2O_flux",500,"met",0.000511505944713901,0.000453397872336801
"522375","N2O_flux",500,"poolinitcond",0.00406716958591667,0.00295550094779156
"522375","N2O_flux",500,"events",0.0294432639274068,0.0137537555727572
"522375","N2O_flux",500,"param",0.943376479194769,0.260780440167301
"522375","N2O_flux",600,"met",0.000526552058474631,0.000403618269259114
"522375","N2O_flux",600,"poolinitcond",0.00391484222656927,0.00249427296401159
"522375","N2O_flux",600,"events",0.028664998933946,0.0113727701074644
"522375","N2O_flux",600,"param",0.956791655736599,0.271176855894565
"522375","N2O_flux",700,"met",0.000549675771450639,0.00035914357160936
"522375","N2O_flux",700,"poolinitcond",0.00410993620269527,0.00227376660971734
"522375","N2O_flux",700,"events",0.0299741348455508,0.0118044564456401
"522375","N2O_flux",700,"param",1.01388997572691,0.268182550585987
"522375","N2O_flux",800,"met",0.000566175657787031,0.000325890434397452
"522375","N2O_flux",800,"poolinitcond",0.00448902335107129,0.0025888960324088
"522375","N2O_flux",800,"events",0.0288627489588904,0.0105927863906476
"522375","N2O_flux",800,"param",1.01288658303097,0.247012316958868
"522375","N2O_flux",900,"met",0.000551726869471168,0.000302063237757136
"522375","N2O_flux",900,"poolinitcond",0.00451567585282239,0.00231082976538351
"522375","N2O_flux",900,"events",0.0283192807661755,0.00999036375849426
"522375","N2O_flux",900,"param",1.00963580102411,0.260834601038258
"522375","N2O_flux",1000,"met",0.000523429536005448,0.000264821277714452
"522375","N2O_flux",1000,"poolinitcond",0.00483839491030981,0.00256791581458166
"522375","N2O_flux",1000,"events",0.0269684372526503,0.00913218311317033
"522375","N2O_flux",1000,"param",0.974679557078205,0.238305542007236
"534243","TotSoilCarb",100,"met",6.54801653864911e-06,7.22902538121097e-06
"534243","TotSoilCarb",100,"poolinitcond",0.842043437295342,0.494076500463009
"534243","TotSoilCarb",100,"events",0.00573513993729111,0.005976631248188
"534243","TotSoilCarb",100,"param",0.216909186120358,0.177459482360903
"534243","TotSoilCarb",200,"met",8.28032917503235e-06,5.84835525094814e-06
"534243","TotSoilCarb",200,"poolinitcond",0.864195320829401,0.399313484836995
"534243","TotSoilCarb",200,"events",0.00494599238479169,0.00383033089576247
"534243","TotSoilCarb",200,"param",0.263549065531426,0.145456590921228
"534243","TotSoilCarb",300,"met",7.81128698211616e-06,4.68616116499152e-06
"534243","TotSoilCarb",300,"poolinitcond",0.800835213940591,0.285310887481522
"534243","TotSoilCarb",300,"events",0.00559680494772836,0.00375792245029973
"534243","TotSoilCarb",300,"param",0.270839375942477,0.118141362160593
"534243","TotSoilCarb",400,"met",7.6354466281917e-06,3.7155839992354e-06
"534243","TotSoilCarb",400,"poolinitcond",0.770061802116871,0.247813381026058
"534243","TotSoilCarb",400,"events",0.00506114144102,0.00300613504693117
"534243","TotSoilCarb",400,"param",0.247142364386216,0.101194017310576
"534243","TotSoilCarb",500,"met",7.06995786836724e-06,3.1748053721371e-06
"534243","TotSoilCarb",500,"poolinitcond",0.803906038952635,0.234824271504514
"534243","TotSoilCarb",500,"events",0.00493664500249198,0.00236931499522507
"534243","TotSoilCarb",500,"param",0.239915598727286,0.0829526558303102
"534243","TotSoilCarb",600,"met",6.88035608410943e-06,2.71841285681058e-06
"534243","TotSoilCarb",600,"poolinitcond",0.771227057805178,0.208977064781307
"534243","TotSoilCarb",600,"events",0.00497753258986715,0.00224438797843047
"534243","TotSoilCarb",600,"param",0.248178996424393,0.0832905930190369
"534243","TotSoilCarb",700,"met",7.22563049344958e-06,2.55382315456117e-06
"534243","TotSoilCarb",700,"poolinitcond",0.773768926539321,0.194889407631864
"534243","TotSoilCarb",700,"events",0.00484388778845193,0.00205575322631317
"534243","TotSoilCarb",700,"param",0.261833386810628,0.081995707136056
"534243","TotSoilCarb",800,"met",7.26163691589033e-06,2.56484159961612e-06
"534243","TotSoilCarb",800,"poolinitcond",0.762809317753131,0.181500818301879
"534243","TotSoilCarb",800,"events",0.00466563936767839,0.00195349902682944
"534243","TotSoilCarb",800,"param",0.2651106586239,0.0744537212614289
"534243","TotSoilCarb",900,"met",7.5749825019043e-06,2.58036832991254e-06
"534243","TotSoilCarb",900,"poolinitcond",0.788454651430937,0.177416296748247
"534243","TotSoilCarb",900,"events",0.0048349260245614,0.00187818955275899
"534243","TotSoilCarb",900,"param",0.261907263617567,0.0714428693023897
"534243","TotSoilCarb",1000,"met",7.58938045540818e-06,2.45250036898158e-06
"534243","TotSoilCarb",1000,"poolinitcond",0.80822821910681,0.180524394136918
"534243","TotSoilCarb",1000,"events",0.00497618955715112,0.00177263479445662
"534243","TotSoilCarb",1000,"param",0.256858223009999,0.0664604079277992
"534243","N2O_flux",100,"met",0.000144582955110148,0.000172341353185121
"534243","N2O_flux",100,"poolinitcond",0.00194853471458424,0.00190449613778836
"534243","N2O_flux",100,"events",0.0492134421611474,0.0426127912091821
"534243","N2O_flux",100,"param",0.801397442886817,0.734589822079755
"534243","N2O_flux",200,"met",0.000220634475962887,0.000188656217576664
"534243","N2O_flux",200,"poolinitcond",0.00152108155746479,0.00123063794095452
"534243","N2O_flux",200,"events",0.0618255021292778,0.0526532542861784
"534243","N2O_flux",200,"param",1.21628996994799,0.910659740091555
"534243","N2O_flux",300,"met",0.000168751742412227,0.000138214930418594
"534243","N2O_flux",300,"poolinitcond",0.00119485884851035,0.00091442410630292
"534243","N2O_flux",300,"events",0.0586145919091471,0.0394472147238306
"534243","N2O_flux",300,"param",1.09712240645249,0.581842309476415
"534243","N2O_flux",400,"met",0.000168282411981653,0.000103525305850977
"534243","N2O_flux",400,"poolinitcond",0.00127814808300912,0.000775656817317867
"534243","N2O_flux",400,"events",0.0550102182180496,0.0310694309840426
"534243","N2O_flux",400,"param",1.0738194497468,0.510964460176218
"534243","N2O_flux",500,"met",0.000155954868155097,8.48884963070386e-05
"534243","N2O_flux",500,"poolinitcond",0.0012990136374793,0.000652283834463089
"534243","N2O_flux",500,"events",0.0561771243857001,0.0278288028000259
"534243","N2O_flux",500,"param",1.04562649616125,0.383216156858152
"534243","N2O_flux",600,"met",0.000168880269379748,8.18059894788893e-05
"534243","N2O_flux",600,"poolinitcond",0.00119806510312477,0.000584544310484881
"534243","N2O_flux",600,"events",0.0593105284870449,0.02607045278235
"534243","N2O_flux",600,"param",1.01859068136039,0.337606417304015
"534243","N2O_flux",700,"met",0.000160840052471829,7.30159400304121e-05
"534243","N2O_flux",700,"poolinitcond",0.00115682928055853,0.000514477795853134
"534243","N2O_flux",700,"events",0.0589172607610173,0.0244593750717359
"534243","N2O_flux",700,"param",1.07016110724739,0.341404043897785
"534243","N2O_flux",800,"met",0.000165370898943374,6.29912573188529e-05
"534243","N2O_flux",800,"poolinitcond",0.00111417747872544,0.000472969087392506
"534243","N2O_flux",800,"events",0.0593721229310835,0.0245341750954828
"534243","N2O_flux",800,"param",1.05209859200689,0.309275255795796
"534243","N2O_flux",900,"met",0.000160872457028375,5.88288301420731e-05
"534243","N2O_flux",900,"poolinitcond",0.00112106801503352,0.00046908712184139
"534243","N2O_flux",900,"events",0.0600748452654881,0.022378195710208
"534243","N2O_flux",900,"param",1.05156794281118,0.304443389825138
"534243","N2O_flux",1000,"met",0.000155911276975904,6.13737827403283e-05
"534243","N2O_flux",1000,"poolinitcond",0.00109967891619325,0.000438366245088726
"534243","N2O_flux",1000,"events",0.0601144531112689,0.0204444477439501
"534243","N2O_flux",1000,"param",1.00585941260529,0.282206018603344
"205678","TotSoilCarb",100,"met",1.16367190249984e-06,1.81175809307304e-06
"205678","TotSoilCarb",100,"poolinitcond",0.789232309390341,0.530990451359863
"205678","TotSoilCarb",100,"events",0.000181308726916699,0.000158949323953464
"205678","TotSoilCarb",100,"param",0.00852036468421883,0.00659979962358346
"205678","TotSoilCarb",200,"met",1.54182278751996e-06,1.62714274538997e-06
"205678","TotSoilCarb",200,"poolinitcond",0.84880280200808,0.344849145950635
"205678","TotSoilCarb",200,"events",0.000148656565037442,0.000102320775277592
"205678","TotSoilCarb",200,"param",0.0117688975561133,0.007718925788212
"205678","TotSoilCarb",300,"met",2.15697688130906e-06,2.70749983966413e-06
"205678","TotSoilCarb",300,"poolinitcond",0.862222877525862,0.267689231005213
"205678","TotSoilCarb",300,"events",0.000186518602555376,0.000119745402044047
"205678","TotSoilCarb",300,"param",0.0150784705105755,0.00882665806678338
"205678","TotSoilCarb",400,"met",2.78204623340651e-06,3.01509462106307e-06
"205678","TotSoilCarb",400,"poolinitcond",0.91232215451059,0.260209463315179
"205678","TotSoilCarb",400,"events",0.000163408936250562,8.71968950116381e-05
"205678","TotSoilCarb",400,"param",0.0157441869370898,0.00730277565829717
"205678","TotSoilCarb",500,"met",2.58200883950746e-06,2.39797796923795e-06
"205678","TotSoilCarb",500,"poolinitcond",0.926160494895787,0.22825140450974
"205678","TotSoilCarb",500,"events",0.000152653303640565,6.86083561901289e-05
"205678","TotSoilCarb",500,"param",0.0163944023717163,0.00767519170159997
"205678","TotSoilCarb",600,"met",2.58809376055793e-06,2.09726860380361e-06
"205678","TotSoilCarb",600,"poolinitcond",0.96721506401013,0.230177132987498
"205678","TotSoilCarb",600,"events",0.000158422768248045,6.48038731518338e-05
"205678","TotSoilCarb",600,"param",0.017919034103938,0.00764488117985137
"205678","TotSoilCarb",700,"met",2.33372441460915e-06,1.9978750318915e-06
"205678","TotSoilCarb",700,"poolinitcond",0.978810007755886,0.214846319945863
"205678","TotSoilCarb",700,"events",0.000157149420862116,5.81353858664583e-05
"205678","TotSoilCarb",700,"param",0.0176916233880478,0.00679422483364937
"205678","TotSoilCarb",800,"met",2.46650326185073e-06,1.58893920587191e-06
"205678","TotSoilCarb",800,"poolinitcond",0.994316106400179,0.200512429747972
"205678","TotSoilCarb",800,"events",0.000152003901927194,5.16945326214271e-05
"205678","TotSoilCarb",800,"param",0.0176222983343627,0.00613107043154737
"205678","TotSoilCarb",900,"met",2.33901270287353e-06,1.51560091025969e-06
"205678","TotSoilCarb",900,"poolinitcond",1.01270822881932,0.203405034346282
"205678","TotSoilCarb",900,"events",0.000147764278690083,4.72602234572366e-05
"205678","TotSoilCarb",900,"param",0.0170449632528378,0.00572552373706278
"205678","TotSoilCarb",1000,"met",2.28446433498725e-06,1.37171951208306e-06
"205678","TotSoilCarb",1000,"poolinitcond",1.03426849196783,0.192378972381782
"205678","TotSoilCarb",1000,"events",0.000152679036407744,4.77245786210466e-05
"205678","TotSoilCarb",1000,"param",0.0174452176026098,0.00568596696928792
"205678","N2O_flux",100,"met",0.000885485811629669,0.0007064688694701
"205678","N2O_flux",100,"poolinitcond",0.0012229056610953,0.00207807583483459
"205678","N2O_flux",100,"events",0.0477730105927571,0.0467092286794835
"205678","N2O_flux",100,"param",0.806090120241443,0.492611397048952
"205678","N2O_flux",200,"met",0.000885447003472948,0.000539533428597664
"205678","N2O_flux",200,"poolinitcond",0.00138818206775899,0.00142849881281378
"205678","N2O_flux",200,"events",0.0493044515297226,0.0358591814385254
"205678","N2O_flux",200,"param",1.09380550707155,0.670162642905458
"205678","N2O_flux",300,"met",0.000802211532133401,0.000520207461032123
"205678","N2O_flux",300,"poolinitcond",0.00142814439977861,0.00118262618769437
"205678","N2O_flux",300,"events",0.0411649513335637,0.0342014598723876
"205678","N2O_flux",300,"param",1.02308619478892,0.47827155230884
"205678","N2O_flux",400,"met",0.000766265039713393,0.000428507490473822
"205678","N2O_flux",400,"poolinitcond",0.00171730927727293,0.001354481774319
"205678","N2O_flux",400,"events",0.0376538715347223,0.0255304852557846
"205678","N2O_flux",400,"param",1.00384029170908,0.380882556696484
"205678","N2O_flux",500,"met",0.000730020727282168,0.00037085580652155
"205678","N2O_flux",500,"poolinitcond",0.00184793567707656,0.00130752761906861
"205678","N2O_flux",500,"events",0.0409241424750184,0.0216331569477264
"205678","N2O_flux",500,"param",0.990649794595333,0.314684715666845
"205678","N2O_flux",600,"met",0.000725038845596545,0.000338759977505656
"205678","N2O_flux",600,"poolinitcond",0.00180315597212155,0.00104776924902646
"205678","N2O_flux",600,"events",0.041307902163709,0.0216518976069081
"205678","N2O_flux",600,"param",0.984001048281844,0.279619169687174
"205678","N2O_flux",700,"met",0.000729481979530148,0.00031441106676504
"205678","N2O_flux",700,"poolinitcond",0.00182380013244616,0.000971323263229118
"205678","N2O_flux",700,"events",0.0431674532715129,0.0223957187075412
"205678","N2O_flux",700,"param",1.08908292153205,0.400991630963727
"205678","N2O_flux",800,"met",0.000766691491162498,0.000288336320091021
"205678","N2O_flux",800,"poolinitcond",0.00198600599418924,0.000985324910817429
"205678","N2O_flux",800,"events",0.0427188049150546,0.0206274335476917
"205678","N2O_flux",800,"param",1.09072659228735,0.396083006869931
"205678","N2O_flux",900,"met",0.00080818061293148,0.000324357515455772
"205678","N2O_flux",900,"poolinitcond",0.00198334027035214,0.000996630796447977
"205678","N2O_flux",900,"events",0.0419740022767253,0.0193889351337024
"205678","N2O_flux",900,"param",1.09551582646934,0.363182870659013
"205678","N2O_flux",1000,"met",0.000764496893648612,0.000301002939946972
"205678","N2O_flux",1000,"poolinitcond",0.00226188253483525,0.00155362486860101
"205678","N2O_flux",1000,"events",0.0380968544398748,0.0180735808191552
"205678","N2O_flux",1000,"param",1.05385556260965,0.353309367277321
"169473","TotSoilCarb",100,"met",7.83165667044142e-06,7.55013713359176e-06
"169473","TotSoilCarb",100,"poolinitcond",0.605329272903741,0.407105448389735
"169473","TotSoilCarb",100,"events",0.00265850206031039,0.00180922907776833
"169473","TotSoilCarb",100,"param",0.228101727557405,0.17555889564066
"169473","TotSoilCarb",200,"met",8.13918574491264e-06,5.91892496532469e-06
"169473","TotSoilCarb",200,"poolinitcond",0.738281524050359,0.312373951716062
"169473","TotSoilCarb",200,"events",0.00305570117438867,0.00166263298217596
"169473","TotSoilCarb",200,"param",0.277663071463899,0.146809594001458
"169473","TotSoilCarb",300,"met",9.59665278746903e-06,5.95051073627134e-06
"169473","TotSoilCarb",300,"poolinitcond",0.753833123620116,0.258598562831401
"169473","TotSoilCarb",300,"events",0.00342997425309177,0.0015691606650117
"169473","TotSoilCarb",300,"param",0.27873774054256,0.119518352798065
"169473","TotSoilCarb",400,"met",9.94680410183321e-06,4.98329056869823e-06
"169473","TotSoilCarb",400,"poolinitcond",0.731288287018209,0.21571731668641
"169473","TotSoilCarb",400,"events",0.00327523389624724,0.00144422424395949
"169473","TotSoilCarb",400,"param",0.273375783985306,0.0979419248239382
"169473","TotSoilCarb",500,"met",1.06401287980858e-05,5.68770299668323e-06
"169473","TotSoilCarb",500,"poolinitcond",0.761851254266232,0.194837667934888
"169473","TotSoilCarb",500,"events",0.00345930961563387,0.00129159024309202
"169473","TotSoilCarb",500,"param",0.272208873879874,0.0867326059179454
"169473","TotSoilCarb",600,"met",1.05641758326766e-05,5.11916098583422e-06
"169473","TotSoilCarb",600,"poolinitcond",0.747573485805126,0.175975437050497
"169473","TotSoilCarb",600,"events",0.00341636459918287,0.0011314047421325
"169473","TotSoilCarb",600,"param",0.270271273954566,0.0814351580009648
"169473","TotSoilCarb",700,"met",1.05090687695828e-05,4.69768031834967e-06
"169473","TotSoilCarb",700,"poolinitcond",0.756622247656799,0.162602822029022
"169473","TotSoilCarb",700,"events",0.00351913369509925,0.00104470212974631
"169473","TotSoilCarb",700,"param",0.283456865414461,0.0752915845329252
"169473","TotSoilCarb",800,"met",1.05933393298165e-05,4.63570260668169e-06
"169473","TotSoilCarb",800,"poolinitcond",0.742990154315104,0.158223045118051
"169473","TotSoilCarb",800,"events",0.00340153292955465,0.000961793463279874
"169473","TotSoilCarb",800,"param",0.284463892203754,0.0684631358977347
"169473","TotSoilCarb",900,"met",1.06852078691004e-05,4.33226903315026e-06
"169473","TotSoilCarb",900,"poolinitcond",0.744916922745839,0.149155127221929
"169473","TotSoilCarb",900,"events",0.00335037050180752,0.000915391211625077
"169473","TotSoilCarb",900,"param",0.270706765635179,0.0640614602194303
"169473","TotSoilCarb",1000,"met",1.03165857715996e-05,4.28386010567054e-06
"169473","TotSoilCarb",1000,"poolinitcond",0.761306728121088,0.130747317507908
"169473","TotSoilCarb",1000,"events",0.00332478912733429,0.000851547079874694
"169473","TotSoilCarb",1000,"param",0.263102760150768,0.0591293953515138
"169473","N2O_flux",100,"met",0.000139343606130527,0.000154344569726416
"169473","N2O_flux",100,"poolinitcond",0.000480105195929348,0.000492480104002319
"169473","N2O_flux",100,"events",0.0315628005864668,0.025798227874506
"169473","N2O_flux",100,"param",0.8457028646445,0.56134462957839
"169473","N2O_flux",200,"met",0.000197230215377588,0.000128650218243881
"169473","N2O_flux",200,"poolinitcond",0.000791590862900277,0.000596993091224857
"169473","N2O_flux",200,"events",0.0354538219114814,0.0204659028838665
"169473","N2O_flux",200,"param",1.24644574430952,0.825280340424695
"169473","N2O_flux",300,"met",0.000162881683168729,0.000102260355516888
"169473","N2O_flux",300,"poolinitcond",0.000619887270849866,0.000430059747042028
"169473","N2O_flux",300,"events",0.0328230398113778,0.0165926626518099
"169473","N2O_flux",300,"param",1.1186489209178,0.556506146387165
"169473","N2O_flux",400,"met",0.000161690803308544,7.73964670649695e-05
"169473","N2O_flux",400,"poolinitcond",0.000729725345612029,0.000396357453732224
"169473","N2O_flux",400,"events",0.030349705453797,0.014190337295583
"169473","N2O_flux",400,"param",1.06256202719353,0.428513106259258
"169473","N2O_flux",500,"met",0.000146170331815672,7.79563908973153e-05
"169473","N2O_flux",500,"poolinitcond",0.000908034625307369,0.000582978081160334
"169473","N2O_flux",500,"events",0.0335555102576984,0.0136319330993178
"169473","N2O_flux",500,"param",1.02596352478177,0.347628840512747
"169473","N2O_flux",600,"met",0.000139931799022632,6.2080249057515e-05
"169473","N2O_flux",600,"poolinitcond",0.000913523966930758,0.00052772951895729
"169473","N2O_flux",600,"events",0.0358306883457229,0.0128554124483186
"169473","N2O_flux",600,"param",1.00022101538251,0.309163740843783
"169473","N2O_flux",700,"met",0.000141965107709011,5.83751261173874e-05
"169473","N2O_flux",700,"poolinitcond",0.000860453541963309,0.000504171738224222
"169473","N2O_flux",700,"events",0.0371025020521522,0.0122720090162394
"169473","N2O_flux",700,"param",1.04730004255337,0.336350411091467
"169473","N2O_flux",800,"met",0.00015135726630523,6.46935391147274e-05
"169473","N2O_flux",800,"poolinitcond",0.000947648745221792,0.000509499331557241
"169473","N2O_flux",800,"events",0.0352240168528163,0.0117440571314852
"169473","N2O_flux",800,"param",1.00774767316117,0.308249457570235
"169473","N2O_flux",900,"met",0.000153102958268878,5.89695789998788e-05
"169473","N2O_flux",900,"poolinitcond",0.000984826692761683,0.000507061768644435
"169473","N2O_flux",900,"events",0.0343972926667246,0.0111681537512136
"169473","N2O_flux",900,"param",1.00798208189637,0.29184089115206
"169473","N2O_flux",1000,"met",0.000146212548530001,5.50150354977959e-05
"169473","N2O_flux",1000,"poolinitcond",0.000945856190589217,0.000437504773489254
"169473","N2O_flux",1000,"events",0.0323260701871378,0.0107740619250875
"169473","N2O_flux",1000,"param",0.974938185555384,0.26458746485752
"592578","TotSoilCarb",100,"met",1.59266107615875e-06,2.0875518007093e-06
"592578","TotSoilCarb",100,"poolinitcond",0.883785366966866,0.51672809176431
"592578","TotSoilCarb",100,"events",0.000288362835145927,0.000212063677724378
"592578","TotSoilCarb",100,"param",0.0122748884497886,0.0104998556009915
"592578","TotSoilCarb",200,"met",2.35681423211655e-06,2.06048991814209e-06
"592578","TotSoilCarb",200,"poolinitcond",0.911615589434564,0.370764990384527
"592578","TotSoilCarb",200,"events",0.000277755004186748,0.00015280358491085
"592578","TotSoilCarb",200,"param",0.0165509512736528,0.00885173212229107
"592578","TotSoilCarb",300,"met",3.07830717523247e-06,3.23868104256919e-06
"592578","TotSoilCarb",300,"poolinitcond",0.955086865635407,0.297867943087811
"592578","TotSoilCarb",300,"events",0.000270931472400114,0.000125030099657702
"592578","TotSoilCarb",300,"param",0.0187215084371627,0.00921161869884956
"592578","TotSoilCarb",400,"met",3.47083252023126e-06,3.05903176874832e-06
"592578","TotSoilCarb",400,"poolinitcond",0.927154295279922,0.252147485518626
"592578","TotSoilCarb",400,"events",0.000254334283927559,9.68916992228289e-05
"592578","TotSoilCarb",400,"param",0.0195505334217095,0.0082915504954618
"592578","TotSoilCarb",500,"met",3.41772114115277e-06,2.70690086085715e-06
"592578","TotSoilCarb",500,"poolinitcond",0.943741075855329,0.230357086509605
"592578","TotSoilCarb",500,"events",0.000256472386354684,8.87169998370862e-05
"592578","TotSoilCarb",500,"param",0.0199360526258988,0.00756321067738765
"592578","TotSoilCarb",600,"met",3.26041621588325e-06,2.38600835150772e-06
"592578","TotSoilCarb",600,"poolinitcond",0.967192854185722,0.212903425228121
"592578","TotSoilCarb",600,"events",0.000251118847820488,7.81811449862225e-05
"592578","TotSoilCarb",600,"param",0.0210122544031616,0.00731454193402536
"592578","TotSoilCarb",700,"met",2.98591708613802e-06,2.13837355571505e-06
"592578","TotSoilCarb",700,"poolinitcond",0.967418977472466,0.199309095659502
"592578","TotSoilCarb",700,"events",0.000256034935546398,7.63591143338253e-05
"592578","TotSoilCarb",700,"param",0.0213815933256284,0.00692940485875806
"592578","TotSoilCarb",800,"met",3.10086476384866e-06,1.78244241210553e-06
"592578","TotSoilCarb",800,"poolinitcond",0.95884554616462,0.178325743951719
"592578","TotSoilCarb",800,"events",0.00025578510126491,6.94581126586033e-05
"592578","TotSoilCarb",800,"param",0.021577376827549,0.00662519052064284
"592578","TotSoilCarb",900,"met",2.94573214077855e-06,1.64905374586912e-06
"592578","TotSoilCarb",900,"poolinitcond",0.949544895039512,0.168793537281559
"592578","TotSoilCarb",900,"events",0.000260755333310767,6.40788415898593e-05
"592578","TotSoilCarb",900,"param",0.0212610587898543,0.00579392535614386
"592578","TotSoilCarb",1000,"met",2.87247473148007e-06,1.6286493559601e-06
"592578","TotSoilCarb",1000,"poolinitcond",0.97090375859917,0.164884737802607
"592578","TotSoilCarb",1000,"events",0.000268251173565241,6.56878101286894e-05
"592578","TotSoilCarb",1000,"param",0.0215404483056144,0.00624264828767324
"592578","N2O_flux",100,"met",0.00234935293753936,0.00302360790001851
"592578","N2O_flux",100,"poolinitcond",0.000466793973707625,0.000529076058622526
"592578","N2O_flux",100,"events",0.041647580269422,0.0356757127955527
"592578","N2O_flux",100,"param",0.886204981785718,0.605973974699744
"592578","N2O_flux",200,"met",0.00276971093773127,0.00227524557081733
"592578","N2O_flux",200,"poolinitcond",0.000685858716321602,0.000533084374564429
"592578","N2O_flux",200,"events",0.0416177389966761,0.025829146675011
"592578","N2O_flux",200,"param",1.22810454528432,0.78621514147521
"592578","N2O_flux",300,"met",0.00212743615660161,0.00166260688927479
"592578","N2O_flux",300,"poolinitcond",0.000680128188925416,0.000565240422610111
"592578","N2O_flux",300,"events",0.0332255087612655,0.0211325065283013
"592578","N2O_flux",300,"param",1.1577614324861,0.586977472306526
"592578","N2O_flux",400,"met",0.00200450501063556,0.00123429309048154
"592578","N2O_flux",400,"poolinitcond",0.000737244162661677,0.000544384433242536
"592578","N2O_flux",400,"events",0.0308807136029842,0.0183996776070772
"592578","N2O_flux",400,"param",1.12244142335927,0.477215254197048
"592578","N2O_flux",500,"met",0.00178834725444302,0.00108519087749441
"592578","N2O_flux",500,"poolinitcond",0.000696548424471799,0.000471959024871085
"592578","N2O_flux",500,"events",0.029776048275888,0.0165760934836715
"592578","N2O_flux",500,"param",1.08578939650044,0.424183167587626
"592578","N2O_flux",600,"met",0.00185892533571128,0.000929082542778866
"592578","N2O_flux",600,"poolinitcond",0.000745325903582083,0.000441817776159771
"592578","N2O_flux",600,"events",0.0298132657574352,0.0142555154384851
"592578","N2O_flux",600,"param",1.05885939252896,0.360695239587212
"592578","N2O_flux",700,"met",0.00189986174834562,0.000864946336436132
"592578","N2O_flux",700,"poolinitcond",0.000745920264273837,0.000382740418428754
"592578","N2O_flux",700,"events",0.0289586300137222,0.0128218231210402
"592578","N2O_flux",700,"param",1.11974075840461,0.373649074249871
"592578","N2O_flux",800,"met",0.00187956933314727,0.000835546969806689
"592578","N2O_flux",800,"poolinitcond",0.000768536389520381,0.000379188269157856
"592578","N2O_flux",800,"events",0.0277092393813447,0.0109087805768106
"592578","N2O_flux",800,"param",1.11644814215115,0.378825534706361
"592578","N2O_flux",900,"met",0.00192028333813082,0.000825279462682307
"592578","N2O_flux",900,"poolinitcond",0.000768262953437855,0.000337441722417191
"592578","N2O_flux",900,"events",0.0287535710754702,0.011432438764199
"592578","N2O_flux",900,"param",1.12276723453998,0.33476073004487
"592578","N2O_flux",1000,"met",0.00174127869277326,0.000716556509970611
"592578","N2O_flux",1000,"poolinitcond",0.000748470976695823,0.000296133914525063
"592578","N2O_flux",1000,"events",0.0290208242304417,0.0124073690557207
"592578","N2O_flux",1000,"param",1.04673055474464,0.342947126353535
"557284","TotSoilCarb",100,"met",3.11493572112761e-05,3.42270048426848e-05
"557284","TotSoilCarb",100,"poolinitcond",1.09741073485685,0.605983070970621
"557284","TotSoilCarb",100,"events",0.0013810481590113,0.00115978494070417
"557284","TotSoilCarb",100,"param",0.245272315039178,0.175902805866619
"557284","TotSoilCarb",200,"met",3.70401884283851e-05,3.54785086256667e-05
"557284","TotSoilCarb",200,"poolinitcond",0.961014431341695,0.40412212360302
"557284","TotSoilCarb",200,"events",0.0011483823261918,0.000689449732701941
"557284","TotSoilCarb",200,"param",0.282298868544846,0.1440870215986
"557284","TotSoilCarb",300,"met",3.56891672569164e-05,2.83205667539931e-05
"557284","TotSoilCarb",300,"poolinitcond",0.884650740294748,0.292065491777818
"557284","TotSoilCarb",300,"events",0.00102240345731451,0.000473296139089931
"557284","TotSoilCarb",300,"param",0.262245239521831,0.123883642089205
"557284","TotSoilCarb",400,"met",3.89913981850016e-05,2.62264707157133e-05
"557284","TotSoilCarb",400,"poolinitcond",0.867502779300578,0.260685361891857
"557284","TotSoilCarb",400,"events",0.0010199999640386,0.000396162761046857
"557284","TotSoilCarb",400,"param",0.259632020443652,0.101819665710047
"557284","TotSoilCarb",500,"met",3.81141672675774e-05,2.310685953419e-05
"557284","TotSoilCarb",500,"poolinitcond",0.868973348650209,0.242652903075586
"557284","TotSoilCarb",500,"events",0.00104825334484239,0.000395920060067755
"557284","TotSoilCarb",500,"param",0.262523834276985,0.0973858292394174
"557284","TotSoilCarb",600,"met",3.67139416690205e-05,1.94044709978996e-05
"557284","TotSoilCarb",600,"poolinitcond",0.86843132612836,0.210916048765219
"557284","TotSoilCarb",600,"events",0.00104074462200441,0.000335721567686177
"557284","TotSoilCarb",600,"param",0.253534050689861,0.0812690061129987
"557284","TotSoilCarb",700,"met",3.52005372548575e-05,1.73329497361964e-05
"557284","TotSoilCarb",700,"poolinitcond",0.833382839186314,0.194656124027094
"557284","TotSoilCarb",700,"events",0.00106108229493078,0.000317967918149447
"557284","TotSoilCarb",700,"param",0.252574876599693,0.072684502427404
"557284","TotSoilCarb",800,"met",3.40939614835731e-05,1.42843458526342e-05
"557284","TotSoilCarb",800,"poolinitcond",0.813585700801172,0.179094846868352
"557284","TotSoilCarb",800,"events",0.00108824878045684,0.000304619963749782
"557284","TotSoilCarb",800,"param",0.24914300629816,0.0662469451303779
"557284","TotSoilCarb",900,"met",3.37096816433265e-05,1.42900000895467e-05
"557284","TotSoilCarb",900,"poolinitcond",0.81076690744775,0.166205805810301
"557284","TotSoilCarb",900,"events",0.00108120612340187,0.000278424821128025
"557284","TotSoilCarb",900,"param",0.243522782098757,0.06313955020259
"557284","TotSoilCarb",1000,"met",3.23009341293096e-05,1.25539677230513e-05
"557284","TotSoilCarb",1000,"poolinitcond",0.815478393574089,0.154223888754344
"557284","TotSoilCarb",1000,"events",0.0010723129073577,0.000257119605127936
"557284","TotSoilCarb",1000,"param",0.233121367464379,0.0580641050416461
"557284","N2O_flux",100,"met",0.000119915503738565,0.000146733178388465
"557284","N2O_flux",100,"poolinitcond",0.00126598090617504,0.00125815182875516
"557284","N2O_flux",100,"events",0.0174453737395534,0.0244398694005549
"557284","N2O_flux",100,"param",0.919452793073941,0.616943325241204
"557284","N2O_flux",200,"met",0.000149523213940132,0.000119510712648048
"557284","N2O_flux",200,"poolinitcond",0.00107579787063032,0.000756695946373801
"557284","N2O_flux",200,"events",0.0218156872783634,0.0171800801828816
"557284","N2O_flux",200,"param",1.30054919077111,0.849942086823742
"557284","N2O_flux",300,"met",0.000131875340716569,9.61129299880085e-05
"557284","N2O_flux",300,"poolinitcond",0.00127358596366576,0.000870504237392933
"557284","N2O_flux",300,"events",0.0174418675829578,0.0112757520238782
"557284","N2O_flux",300,"param",1.12372894243221,0.526542825329297
"557284","N2O_flux",400,"met",0.000141687773478473,8.27937294808585e-05
"557284","N2O_flux",400,"poolinitcond",0.00117324648777504,0.000652837674084427
"557284","N2O_flux",400,"events",0.0162067483583495,0.009290138642977
"557284","N2O_flux",400,"param",1.0540333481847,0.394794494112837
"557284","N2O_flux",500,"met",0.000136471951633176,7.37487161598084e-05
"557284","N2O_flux",500,"poolinitcond",0.00106569414415934,0.000599616986340241
"557284","N2O_flux",500,"events",0.016626813161859,0.00786050170011856
"557284","N2O_flux",500,"param",1.03722082713526,0.341555851015581
"557284","N2O_flux",600,"met",0.000137176757771951,6.79460013520017e-05
"557284","N2O_flux",600,"poolinitcond",0.00103318815256179,0.000537679933915176
"557284","N2O_flux",600,"events",0.0152743714213821,0.0072910106535432
"557284","N2O_flux",600,"param",0.998471422639829,0.289299149286716
"557284","N2O_flux",700,"met",0.000134941051534642,6.16174356229827e-05
"557284","N2O_flux",700,"poolinitcond",0.00100316775221408,0.000453636468735034
"557284","N2O_flux",700,"events",0.0157047673825827,0.00674296578749517
"557284","N2O_flux",700,"param",1.05182095207499,0.311497640662401
"557284","N2O_flux",800,"met",0.000140859851399017,5.68134746778717e-05
"557284","N2O_flux",800,"poolinitcond",0.000949247574361737,0.000430524257547275
"557284","N2O_flux",800,"events",0.0160227728097267,0.0067349299961692
"557284","N2O_flux",800,"param",1.04748141056899,0.302215759695903
"557284","N2O_flux",900,"met",0.00014504731911391,5.61292903296038e-05
"557284","N2O_flux",900,"poolinitcond",0.000940931625440429,0.000389891652819907
"557284","N2O_flux",900,"events",0.0157885512212876,0.00598547343563831
"557284","N2O_flux",900,"param",1.04533242214192,0.289072835158509
"557284","N2O_flux",1000,"met",0.00014316504007406,5.71613435654269e-05
"557284","N2O_flux",1000,"poolinitcond",0.0008659978717119,0.000372732231233639
"557284","N2O_flux",1000,"events",0.0149577293189975,0.00561817422258565
"557284","N2O_flux",1000,"param",1.00479958239869,0.263846247286034
