"variable","kind","parameter","median","low","high","sites_over","sites","negative"
"N2O_flux","soil","soil_respiration_Q10",0.460869986436245,0.171508698647927,0.810014053351306,100,100,0
"N2O_flux","soil","n_volatilization_rate",0.397884787504843,0.153217204024995,0.665030019914773,100,100,0
"N2O_flux","soil","n_leaching_frac",0.0779090738352202,6.46754610214237e-34,0.202831227540976,76,100,92
"N2O_flux","soil","f_anoxia",0.0350190768306668,0.00059819696117294,0.0896557975664117,19,100,95
"TotSoilCarb","soil","soil_respiration_Q10",0.620767234840555,0.0378761119918981,0.775719386840744,99,100,100
"TotSoilCarb","soil","som_respiration_rate",0.276754702055471,0.0229285067398086,0.419051179788126,98,100,100
"TotSoilCarb","soil","kCN",0.0205986283351844,0.00176291555737225,0.0896825453063195,17,100,100
"TotSoilCarb","soil","anaerobic_decomp_rate",0.0112239010739366,4.32830728525399e-31,0.115028219909797,5,100,95
"TotSoilCarb","soil","f_anoxia",0.00267996977752387,4.00703673721113e-05,0.08038762305188,5,100,36
"TotSoilCarb","soil","turn_over_time",0.00145064316569275,4.41707630096192e-05,0.0866984985088063,5,100,100
"TotSoilCarb","plant","half_saturation_PAR",0.000200809771473748,3.75212266078215e-32,0.0577805654589892,1,96,90
"TotSoilCarb","plant","Amax",0.000188502333088586,3.70507410077234e-32,0.17372689868313,2,96,2
"TotSoilCarb","plant","dVPDSlope",0.000127112175650536,3.99912760083363e-32,0.080241018702832,2,96,90
"TotSoilCarb","plant","SLA",0.00012489953031985,3.86974406080666e-32,0.187679800724185,1,96,6
"TotSoilCarb","plant","leafOnReallocFrac",3.51615720386103e-05,3.70644552104079e-32,0.283887409490661,10,96,2
"TotSoilCarb","plant","root_turnover_rate",2.67517204004909e-06,4.4225646409219e-32,0.318099786472066,15,96,0
"TotSoilCarb","plant","coarse_root_respiration_Q10",7.08527555288714e-07,3.7638848007846e-32,0.0513666247181868,1,96,87
"TotSoilCarb","plant","leafNResorptionFrac",3.31824023761426e-08,3.90503048081402e-32,0.0660620320417796,1,96,3
"TotSoilCarb","plant","leafGrowth",1.94129913793652e-30,1.48069233601882e-32,0.130103196212149,3,73,2
